-- phpMyAdmin SQL Dump
-- version 5.2.0
-- https://www.phpmyadmin.net/
--
-- Host: localhost
-- Generation Time: Jan 09, 2023 at 01:53 PM
-- Server version: 5.7.36
-- PHP Version: 8.1.0

SET SQL_MODE = "NO_AUTO_VALUE_ON_ZERO";
START TRANSACTION;
SET time_zone = "+00:00";


/*!40101 SET @OLD_CHARACTER_SET_CLIENT=@@CHARACTER_SET_CLIENT */;
/*!40101 SET @OLD_CHARACTER_SET_RESULTS=@@CHARACTER_SET_RESULTS */;
/*!40101 SET @OLD_COLLATION_CONNECTION=@@COLLATION_CONNECTION */;
/*!40101 SET NAMES utf8mb4 */;

--
-- Database: `gymdb`
--
CREATE DATABASE IF NOT EXISTS `gymdb` DEFAULT CHARACTER SET utf8 COLLATE utf8_unicode_ci;
USE `gymdb`;

-- --------------------------------------------------------

--
-- Table structure for table `aulas`
--

CREATE TABLE `aulas` (
  `id` int(11) NOT NULL,
  `id_aulas_horario` int(11) DEFAULT NULL,
  `data` date DEFAULT NULL,
  `ocupacao` int(11) NOT NULL DEFAULT '0',
  `status` enum('Aberto','Cheio','Já decorreu') COLLATE utf8_unicode_ci NOT NULL DEFAULT 'Aberto'
) ENGINE=InnoDB DEFAULT CHARSET=utf8 COLLATE=utf8_unicode_ci;

--
-- Dumping data for table `aulas`
--

INSERT INTO `aulas` (`id`, `id_aulas_horario`, `data`, `ocupacao`, `status`) VALUES
(168, 10, '2023-01-16', 0, 'Aberto');

-- --------------------------------------------------------

--
-- Table structure for table `aulas_horario`
--

CREATE TABLE `aulas_horario` (
  `id` int(11) NOT NULL,
  `id_modalidade` int(11) DEFAULT NULL,
  `id_instrutor` int(11) DEFAULT NULL,
  `diaSemana` enum('segunda','terça','quarta','quinta','sexta','sábado') COLLATE utf8_unicode_ci NOT NULL,
  `inicio` time DEFAULT NULL,
  `fim` time DEFAULT NULL,
  `capacidade` int(11) NOT NULL DEFAULT '10',
  `status` enum('Ativo','Inativo') COLLATE utf8_unicode_ci NOT NULL DEFAULT 'Ativo'
) ENGINE=InnoDB DEFAULT CHARSET=utf8 COLLATE=utf8_unicode_ci;

--
-- Dumping data for table `aulas_horario`
--

INSERT INTO `aulas_horario` (`id`, `id_modalidade`, `id_instrutor`, `diaSemana`, `inicio`, `fim`, `capacidade`, `status`) VALUES
(10, 12, 109, 'segunda', '10:37:40', '11:37:40', 10, 'Ativo');

-- --------------------------------------------------------

--
-- Table structure for table `auth_assignment`
--

CREATE TABLE `auth_assignment` (
  `item_name` varchar(64) CHARACTER SET utf8 COLLATE utf8_unicode_ci NOT NULL,
  `user_id` varchar(64) CHARACTER SET utf8 COLLATE utf8_unicode_ci NOT NULL,
  `created_at` int(11) DEFAULT NULL
) ENGINE=InnoDB DEFAULT CHARSET=utf8mb4 COLLATE=utf8mb4_unicode_ci;

--
-- Dumping data for table `auth_assignment`
--

INSERT INTO `auth_assignment` (`item_name`, `user_id`, `created_at`) VALUES
('admin', '1', 1673224215),
('cliente', '107', 1673224215),
('cliente', '4', 1673224215),
('funcionario', '108', 1673224215),
('funcionario', '2', 1673224215),
('nutricionista', '111', 1673224215),
('nutricionista', '112', 1673224215),
('treinador', '109', 1673224215),
('treinador', '110', 1673224215);

-- --------------------------------------------------------

--
-- Table structure for table `auth_item`
--

CREATE TABLE `auth_item` (
  `name` varchar(64) COLLATE utf8_unicode_ci NOT NULL,
  `type` smallint(6) NOT NULL,
  `description` text COLLATE utf8_unicode_ci,
  `rule_name` varchar(64) COLLATE utf8_unicode_ci DEFAULT NULL,
  `data` blob,
  `created_at` int(11) DEFAULT NULL,
  `updated_at` int(11) DEFAULT NULL
) ENGINE=InnoDB DEFAULT CHARSET=utf8 COLLATE=utf8_unicode_ci;

--
-- Dumping data for table `auth_item`
--

INSERT INTO `auth_item` (`name`, `type`, `description`, `rule_name`, `data`, `created_at`, `updated_at`) VALUES
('adicionarAula', 2, 'Adicionar aula', NULL, NULL, 1673224215, 1673224215),
('adicionarCliente', 2, 'Adicionar cliente', NULL, NULL, 1673224215, 1673224215),
('adicionarEquipamento', 2, 'Adicionar equipamento', NULL, NULL, 1673224215, 1673224215),
('adicionarFuncionario', 2, 'Adicionar Funcionario', NULL, NULL, 1673224215, 1673224215),
('adicionarModalidade', 2, 'Adicionar mobalidade', NULL, NULL, 1673224215, 1673224215),
('adicionarNutricionista', 2, 'Adicionar nutricionista', NULL, NULL, 1673224215, 1673224215),
('adicionarPlano', 2, 'Adicionar plano treino', NULL, NULL, 1673224215, 1673224215),
('adicionarProdutos', 2, 'Adicionar Produtos', NULL, NULL, 1673224215, 1673224215),
('adicionarTreinador', 2, 'Adicionar Treinador', NULL, NULL, 1673224215, 1673224215),
('admin', 1, NULL, NULL, NULL, 1673224215, 1673224215),
('cliente', 1, NULL, NULL, NULL, 1673224215, 1673224215),
('concluirConsulta', 2, 'Concluir consulta', NULL, NULL, 1673224215, 1673224215),
('consultarAula', 2, 'Consultar aula', NULL, NULL, 1673224215, 1673224215),
('consultarCliente', 2, 'Consultar cliente', NULL, NULL, 1673224215, 1673224215),
('consultarConsulta', 2, 'Consultar consulta', NULL, NULL, 1673224215, 1673224215),
('consultarEquipamento', 2, 'Consultar equipamento', NULL, NULL, 1673224215, 1673224215),
('consultarFuncionario', 2, 'Consultar Funcionario', NULL, NULL, 1673224215, 1673224215),
('consultarModalidade', 2, 'Consultar modalidade', NULL, NULL, 1673224215, 1673224215),
('consultarNutricionista', 2, 'Consultar nutricionista', NULL, NULL, 1673224215, 1673224215),
('consultarPerfil', 2, 'Consultar perfil', NULL, NULL, 1673224215, 1673224215),
('consultarPlano', 2, 'Consultar plano treino', NULL, NULL, 1673224215, 1673224215),
('consultarProdutos', 2, 'Consultar produtos', NULL, NULL, 1673224215, 1673224215),
('consultarSubscricao', 2, 'Consultar Subscricao', NULL, NULL, 1673224215, 1673224215),
('consultarTreinador', 2, 'Consultar Treinador', NULL, NULL, 1673224215, 1673224215),
('criarConsulta', 2, 'Criar consulta', NULL, NULL, 1673224215, 1673224215),
('criarSubscricao', 2, 'Criar subscrição', NULL, NULL, 1673224215, 1673224215),
('dashboard', 2, 'Dashboard', NULL, NULL, 1673224215, 1673224215),
('desativarCliente', 2, 'Desativar cliente', NULL, NULL, 1673224215, 1673224215),
('desativarFuncionario', 2, 'Desativar Funcionario', NULL, NULL, 1673224215, 1673224215),
('desativarNutricionista', 2, 'Desativar Nutricionista', NULL, NULL, 1673224215, 1673224215),
('desativarSubscricao', 2, 'Desativar Subscricao', NULL, NULL, 1673224215, 1673224215),
('desativarTreinador', 2, 'Desativar Treinador', NULL, NULL, 1673224215, 1673224215),
('editarAula', 2, 'Editar aula', NULL, NULL, 1673224215, 1673224215),
('editarCliente', 2, 'Editar cliente', NULL, NULL, 1673224215, 1673224215),
('editarConsulta', 2, 'Editar consulta', NULL, NULL, 1673224215, 1673224215),
('editarEquipamento', 2, 'Editar Equipamento', NULL, NULL, 1673224215, 1673224215),
('editarFuncionario', 2, 'Editar Funcionario', NULL, NULL, 1673224215, 1673224215),
('editarModalidade', 2, 'Editar modalidade', NULL, NULL, 1673224215, 1673224215),
('editarNutricionista', 2, 'Editar nutricionista', NULL, NULL, 1673224215, 1673224215),
('editarPerfil', 2, 'Editar perfil', NULL, NULL, 1673224215, 1673224215),
('editarPlano', 2, 'Editar plano treino', NULL, NULL, 1673224215, 1673224215),
('editarProdutos', 2, 'Editar Produtos', NULL, NULL, 1673224215, 1673224215),
('editarTreinador', 2, 'Editar Treinador', NULL, NULL, 1673224215, 1673224215),
('funcionario', 1, NULL, NULL, NULL, 1673224215, 1673224215),
('loginBO', 2, 'Login BO', NULL, NULL, 1673224215, 1673224215),
('loginFO', 2, 'Login FO', NULL, NULL, 1673224215, 1673224215),
('nutricionista', 1, NULL, NULL, NULL, 1673224215, 1673224215),
('removerAula', 2, 'Remover aula', NULL, NULL, 1673224215, 1673224215),
('removerConsulta', 2, 'Remover consulta', NULL, NULL, 1673224215, 1673224215),
('removerEquipamento', 2, 'Remover Equipamento', NULL, NULL, 1673224215, 1673224215),
('removerModalidade', 2, 'Remover modalidade', NULL, NULL, 1673224215, 1673224215),
('removerPlano', 2, 'Remover plano treino', NULL, NULL, 1673224215, 1673224215),
('removerProdutos', 2, 'Remover Produtos', NULL, NULL, 1673224215, 1673224215),
('treinador', 1, NULL, NULL, NULL, 1673224215, 1673224215);

-- --------------------------------------------------------

--
-- Table structure for table `auth_item_child`
--

CREATE TABLE `auth_item_child` (
  `parent` varchar(64) COLLATE utf8_unicode_ci NOT NULL,
  `child` varchar(64) COLLATE utf8_unicode_ci NOT NULL
) ENGINE=InnoDB DEFAULT CHARSET=utf8 COLLATE=utf8_unicode_ci;

--
-- Dumping data for table `auth_item_child`
--

INSERT INTO `auth_item_child` (`parent`, `child`) VALUES
('funcionario', 'adicionarAula'),
('funcionario', 'adicionarCliente'),
('funcionario', 'adicionarEquipamento'),
('admin', 'adicionarFuncionario'),
('funcionario', 'adicionarModalidade'),
('admin', 'adicionarNutricionista'),
('treinador', 'adicionarPlano'),
('funcionario', 'adicionarProdutos'),
('admin', 'adicionarTreinador'),
('admin', 'cliente'),
('funcionario', 'concluirConsulta'),
('nutricionista', 'concluirConsulta'),
('funcionario', 'consultarAula'),
('funcionario', 'consultarCliente'),
('nutricionista', 'consultarCliente'),
('treinador', 'consultarCliente'),
('funcionario', 'consultarConsulta'),
('nutricionista', 'consultarConsulta'),
('funcionario', 'consultarEquipamento'),
('admin', 'consultarFuncionario'),
('funcionario', 'consultarModalidade'),
('admin', 'consultarNutricionista'),
('cliente', 'consultarPerfil'),
('treinador', 'consultarPlano'),
('funcionario', 'consultarProdutos'),
('funcionario', 'consultarSubscricao'),
('admin', 'consultarTreinador'),
('funcionario', 'criarConsulta'),
('nutricionista', 'criarConsulta'),
('funcionario', 'criarSubscricao'),
('admin', 'dashboard'),
('funcionario', 'desativarCliente'),
('admin', 'desativarFuncionario'),
('admin', 'desativarNutricionista'),
('funcionario', 'desativarSubscricao'),
('admin', 'desativarTreinador'),
('funcionario', 'editarAula'),
('funcionario', 'editarCliente'),
('funcionario', 'editarConsulta'),
('nutricionista', 'editarConsulta'),
('funcionario', 'editarEquipamento'),
('admin', 'editarFuncionario'),
('funcionario', 'editarModalidade'),
('admin', 'editarNutricionista'),
('cliente', 'editarPerfil'),
('treinador', 'editarPlano'),
('funcionario', 'editarProdutos'),
('admin', 'editarTreinador'),
('admin', 'funcionario'),
('admin', 'loginBO'),
('funcionario', 'loginBO'),
('nutricionista', 'loginBO'),
('treinador', 'loginBO'),
('cliente', 'loginFO'),
('admin', 'nutricionista'),
('funcionario', 'removerAula'),
('funcionario', 'removerConsulta'),
('nutricionista', 'removerConsulta'),
('funcionario', 'removerEquipamento'),
('funcionario', 'removerModalidade'),
('treinador', 'removerPlano'),
('funcionario', 'removerProdutos'),
('admin', 'treinador');

-- --------------------------------------------------------

--
-- Table structure for table `auth_rule`
--

CREATE TABLE `auth_rule` (
  `name` varchar(64) COLLATE utf8_unicode_ci NOT NULL,
  `data` blob,
  `created_at` int(11) DEFAULT NULL,
  `updated_at` int(11) DEFAULT NULL
) ENGINE=InnoDB DEFAULT CHARSET=utf8 COLLATE=utf8_unicode_ci;

-- --------------------------------------------------------

--
-- Table structure for table `consultas`
--

CREATE TABLE `consultas` (
  `id` int(11) NOT NULL,
  `nome` varchar(30) COLLATE utf8mb4_unicode_ci DEFAULT NULL,
  `descricao` varchar(50) COLLATE utf8mb4_unicode_ci DEFAULT NULL,
  `data` datetime NOT NULL,
  `estado` tinyint(4) NOT NULL DEFAULT '0',
  `cliente_id` int(11) NOT NULL,
  `nutricionista_id` int(11) NOT NULL
) ENGINE=MyISAM DEFAULT CHARSET=utf8mb4 COLLATE=utf8mb4_unicode_ci;

--
-- Dumping data for table `consultas`
--

INSERT INTO `consultas` (`id`, `nome`, `descricao`, `data`, `estado`, `cliente_id`, `nutricionista_id`) VALUES
(12, 'Consulta cancelada', '<p>consulta</p>\r\n', '2023-01-14 10:55:00', 2, 107, 111),
(11, 'Consulta de rotina', '<p>Ver altura e peso</p>\r\n', '2023-01-12 06:35:00', 1, 118, 112);

-- --------------------------------------------------------

--
-- Table structure for table `equipamentos`
--

CREATE TABLE `equipamentos` (
  `id` int(11) NOT NULL,
  `nome` varchar(20) COLLATE utf8mb4_unicode_ci NOT NULL,
  `estado` tinyint(4) NOT NULL DEFAULT '1'
) ENGINE=InnoDB DEFAULT CHARSET=utf8mb4 COLLATE=utf8mb4_unicode_ci;

--
-- Dumping data for table `equipamentos`
--

INSERT INTO `equipamentos` (`id`, `nome`, `estado`) VALUES
(1, 'Maquina de pesos', 1),
(2, 'Alter', 1),
(3, 'Corda', 0);

-- --------------------------------------------------------

--
-- Table structure for table `exercicio`
--

CREATE TABLE `exercicio` (
  `id` int(11) NOT NULL,
  `nome` varchar(25) CHARACTER SET latin1 NOT NULL,
  `descricao` varchar(50) CHARACTER SET latin1 NOT NULL,
  `dificuldade` varchar(20) CHARACTER SET latin1 NOT NULL,
  `exemplo` longblob NOT NULL,
  `equipamento_id` int(11) DEFAULT NULL,
  `tipo_exercicio_id` int(11) DEFAULT NULL
) ENGINE=InnoDB DEFAULT CHARSET=utf8 COLLATE=utf8_unicode_ci;

--
-- Dumping data for table `exercicio`
--

INSERT INTO `exercicio` (`id`, `nome`, `descricao`, `dificuldade`, `exemplo`, `equipamento_id`, `tipo_exercicio_id`) VALUES
(94, 'Leg Raise', 'Levantar as pernas', 'Medio', 0x2f396a2f34414151536b5a4a5267414241514541534142494141442f32774244414155444241514541775545424151464251554742777749427763484277384c43776b4d455138534568455045524554466877584578516146524552474345594768306448783866457863694a4349654a4277654878372f327742444151554642516347427734494341346546424555486834654868346548683465486834654868346548683465486834654868346548683465486834654868346548683465486834654868346548683465486834654868372f774141524341506f412b67444153494141684542417845422f38514148514142414149434177454241414141414141414141414141415946427751444341494243662f45414741514141454441774943426759474251674642776b464351454341414d4545515547495249785156454845324678496f47526f52517973554c4243434e5359744556636f4c684d364b534a504244736c4e6a467250434e50456c633351584f45526b306c51314e7a5a3167795a6c6b35536a34676b594a305656567350792f3851414767454241414d424151454141414141414141414141414141414d454251494242762f454144455241514143416745444177494542515144414141414141414241674d524244455349554546496a4a5259544d546361475273534e43385045564a44534234662f61414177444151414345514d5241443841376c737a4d444d7a417a4d774d7a4d444d7a417a4d774d7a4d444d7a417a4d774d7a4d444d7a417a4d774d7a4d444d7a417a4d774d7a4d444d7a417a344b2b746f36436d5655313158425377492b615761514951504d6e5a782b6c37517444314e554b6144566d47584b7235514b74466a35473969776b377238396d385467715034764c313846484465774d69724652366b6a6d6f2b41753666576d754d4a707643793171366d4b727153436d6d70594a4171535a66516b5735446358505148696646777a5a6574586e3953542f46354355635175665168542b524354387152372b5a755747573950363830726e4b704e4a515a614d314b2f6b686d51714a612f7742304c41346a3443376b516c6a4d6e646952504750713333396a363735754748556d6547476f516d47476b4b467a7a7837536365796b70516671324669534e3937422b7459366630396763477573496e566b2b4d4a676b6a6d554a704a6c47774848652f50636e714259646870356f6f496a4c4e4b694f4e504e53314141657376355431454654463374504e484e47546269516f4b48744436335a577170714c41783558582b61714d3157496743616169584a6455717551434978743572493853586a366b796c5a4e567a54307543715569636a38424e57716d7030676376515275727a55626e775964316d6656665232724e663664795361716870344a4b425362533436576556636176464a5553554b385273656b504c75682b312f4435764a52346a4e5555324279637043596b7a7243344a6c666c524a743652366c4158364c734d6c737a4d444d7a417a4d774d7a4d444d7a417a4d774d7a4d444d7a417a4d774d7a4d444d7a417a4d774d7a4d444d7a417a4d774d7a4d444d7a417a4d774d7a4d444d7a417a4d774d7a4d444d7a417a4d774d7a4d444d7a417a4d774d7a4d444d7a417a4d774d7a4d444d7a417a4d774d7a4d444d7a417a4d774d7a4d444d7a417a4d774d7a4d444d7a417a4d774d7a4d444d7a417a4d774d7a4d444d7a417a4d774d7a4d444d7a417a4d774d7a4d444d7a417a4d774d7a4d444d7a417a4567433565492b3066746652537a793450524555575579594a524c57483071616d504c6d50357858674e68306e6f595a453156716a4161586f666a63396c4b6568694f794f385636537a314a534e314879447766725874797a3254564a53614a78767745484c34367351465371385578386b2f785850674847365853315a6c4d67724c61697946546c4d6e4c62696d6e56636a7741354a48674c42336375446f714b6d564a4b5934304a47392b686869764f34724f366a715456366979395a6b70696233715a53734a386b3868366748483872707645556b616c56696b45446d464542794c5632725250564c78326d34465645675043715836695435765277656863686c7068565a615353706b556232493946506b474551704b366f70357537303261794e514f79345a464a53505864792f413572744e535568655a4e5247425952314d496b7436396a37336b7a546d674959554139776b4164484335726a394851787032684236674177773970665557714e4f35475370724b534b75696d6b37796f4d53436d553336686578743162624f327957627a4772383353727855433051784b4b34354a6b664b6f69334555394b674f513543357676733871493066546645706d4d49493453464a747337656830375355684b6f344570747664686a7a44646e2f414f4f6132765775717170546557615938536c6576374f546c4e4a70756b7030704b59306d33574c57642f567a49686c344533734139484935534a455a34415354304a335961386c44546f546136516b6248626b3466726a4734366f704a5532484542644a2b337a66487244574e4e6971535365616f6a6a4364795370787641616337517530576676636652565749787367736d74716f2b3753416672414b3358354a486d517737436469476272632f3261347975794d686c716b643554726c4a755a4f3757554252385345692f6a647a5631476a4d4654365a30706a6344544b343436476e524478384e753855423653794f677156645238336273444d7a417a4d774d7a4d444d7a417a4d774d7a4d444d7a417a4d774d7a4d444d7a417a4d774d7a4d444d7a417a4d774d7a4d444d7a417a4d774d7a4d444d7a417a4d774d7a4d444d7a417a4d774d7a4d444d7a417a4d774d7a4d444d7a417a4d774d7a4d444d7a417a4d774d7a4d444d7a417a4d774d7a4d444d7a417a4d774d7a4d444d7a417a4d774d7a4d444d7a417a4d774d7a4d444d7a417a4d774d7a4d444d7a417a4d774d7a4d444d7a417a4d774d7a4d447064586170776d6c736438626d61784d4b56584555535278537a4b2f4b6849335566634f6d7a675061623276306d496e6b776d6c7534794f5742344a5a79654b6e706a3067325070722f524777365430504538556552792b53586c637456545639624a73716159335037715279536e774667776c4770395a616e31327553686a34384868466d786769582b504d6e2f4146697879422f4b6e62724a664e67744f30574e70457877784a53456a625a73585370705977466757732b624a354e4e50455370524e687341773935577470386254716b6e6b53684b4266637645476f63766c39635a553437484753484768566c7254735a50447964786e59386c715849707067466f674a394c784479426f72534e4e6a5945424d59754f5a73776f744b646e6c4a51304b523349754230427a7a45344f476e684844474e756f4f355454684d536546504c59683175714e583658306a536f566e736c4654794c547852774975756151666f6f472f724e6834734c2b6a7871596b2f4b414142636c32596a6a696955557075684b6262622b743963395864757566795956533652787365477051662b5631594573366834492b52507234693865356e55656f38786638416265724d70564a504f50346b6f522f56545965356833476f4168536c72574e726457334c7263583133716e4859574f4f57716e4b654d384b49304a346c794871536b63792b72644a6d4d6c694543717857657974457041356f7156384e76496d33756552394b4c7865587061624d35625051564f556b48442f61616c49554234413243526271595731646e74595a71557955465044696f56626855673732596a2f4b506534316e635559724c314a7153766d564a756d48765646532f3359306448717335504a6c386e6c355655326d71574b43685365455663794f497238554a367645382b70316c4c67386a7057702f625755536a4b5571315871705a522b4f67644b67656d3350683675566d464668394f614e7939594d6367545256697a2b476d72674d66656e7153546535384f626b31486b746536436d4652687378555631464762726f4b316170596c70366866306b65615437587439725532496978745053347445636c664f74436f4a52745a58454f465150506e617a6b57714d37695a3652534b696f694d764476596762734d73396e6571364857656c4b5850554b46776957364a6f466d366f4a55374c5165757836656b4548706368654866757655796b346e55645a45543844555a4d43446230537045615174513964682f4338784d444d7a417a4d774d7a4d444d7a417a4d774d7a4d444d7a417a4d774d7a4d444d7a417a4d774d7a4d444d7a417a4d774d7a4d444d7a417a4d774d7a4d444d7a417a4d774d7a4d444d7a417a4d774d7a4d444d7a417a4d774d7a4d444d7a417a4d774d7a4d444d7a417a4d774d7a4d444d7a417a4d774d7a4d444d7a417a4d774d7a4d444d7a417a4d774d7a4d444d7a417a4d774d7a4d444d7a417a4d774d7a4d444d7a417a4d774d7a4d444d364c574773644d36536f7669395235716b78305a2b564d712f54582b3667656b7231426865732b752b736676505939415654364b3039565a53613968553174345952346849394e5839463479792f614432726178555971374f314750705637476e78716668303236696f656d66577068326d3131326b365130616b6f7a4f566a2b4c74644e46542f69564376344279387a5950416d74753172566574705a4d6669594a6346686c656959304c2f7445366630316a3551667970395a4c6a4741304376694d6b7156726b58757061376b7150695475586b4854326b3077794a4a6a74626d4f686847394e61614253674b67377668503165546e6550783470342b464b54653234417335486a3850464567464b52747673485a7759314275536b622b484e684556342b615548684a54767966476e5433667948764571506d584f6a51495478656a653237387070674477324a4a49467574684761504277553672706a4149384863784a696851564c554930707570536a794141334a36683475703166725053326b366a6779755351616d332f49366364374f72773442792f6973384c396f2b746452363270786963505179596244724e70654e515650556a6f43794e6b702f524637394a4c4351646f76624c46416864447042635a556b6b535a4f596668702f36704a2b6239343764514c775a575a565654577931686b6e7956624d62793145797953732b4b69355251396e63737965397165396e554f6c524a64306e73777958772f4854556d354778554e6d475061656b7a4e647a6d696852314a767436334f2b7a767333713833494a366c616b5539396c446d7364647a794475744b396d326f317a434c4b664352302f47436f784133556e38752f573832596d47484730694b654b4e4b514261317432474d6455646c395053597676714b615355783255594a4658524a62367036584d63487076547452704b6e7255304d42686d70777667576b656a6362672b494f33716454326c617558514b697038576c4d6c63746155553852484678794532534c65623573336c59394b614f686f437634696f51684d53554a33584e4d726f4136796f6e32734f447338584242506c4b4b6d4865554555366534742f6845673351436649456458453672744f7a4d7552794e4c70364a43597165564d686d4a354a534236525057625874346b5036636c53614e30636d6e7170347a577134357174535463435652346c416464746b33384845644a346250613631444c52593651785a43756a394f5661437047507053626d5266365374724a36646831734e61696f6458362f3153755853654871367969786976682f695571536d4e4d6c766c346c6b433454627274666b386f365537436451314b684a71624c554e42437235346161503471646657444c494f4650714265614f7a76534f4b3052704b69303568304b2b48706b6b716b58757561516d367046487055547637756879426854364d307a694e4936657038466736645546464278464b564c4b31457155564b4a4a356b6b6b75345a6d426d5a675a6d59475a6d426d5a675a6d59475a6d426d5a675a6d59475a6d426d5a675a6d59475a6d426d5a675a6d59475a6d426d5a675a6d59475a6d426d5a675a6d59475a6d426d5a675a6d59475a6d426d5a675a6d59475a6d426d5a675a6d59475a6d426d5a675a6d59475a6d426d5a675a6d59475a6d426d5a675a6d59475a6d426d5a675a6d59475a6d426d5a675a6d59475a6d426d5a675a6d59475a6d426d5a675a6d59485261303166703352324c2f614f6f73704452516b6b5270567575553953456a6452386e452b3276745470644355735642515536636a6e36744a4e505446586f524a3564354a6265312b51356c396444683951617a7a7173337153736d7236325436792f6c6a4835554a354a543442684b3965397675717452794c6f4e455561384a5245322b4d6d5346314d6736306a3555653876486c4c6f2f4c5a724971723876555656665653473635366951794c50724c792f706a514d554b45714d6165692b7a6e324c30335455364236414a766179527a386d4749394e646e4d61454a55714d4333364c6e6d4b306a53514a48346153664a7a324848496954645134535274747939543966424a6a4a43556b71356b6e705955394c676f59346864495051435876525935456474674e2b703759524d6757494b6b39427679664b6d514170427476314d4f4b4f6d4b414c41456369396d4f4d6a6d4c33362b68306570645a61653032672f746e49787779714630553650546e58344241333974673861616737513957616c76523663705a4d46524b324e537579717059385071782b71353851777944726a58476e4e4949344d72574656596f586a6f716364354f762b48366f3856574477376d39616134316e4b716d7869466165786832345946587146702f536b36504a4e764d7663774f6859784f716570433571695138556b737169746131645a55647958503854696143676a3451674567636747474f744c396d38634937325749726b57627155726371505753647935706a744930304b4f466145704356446b4f626c4b5054547752675270362b6b2f7166714e555346457257547738396d477052594f436e535652777032563658454e6e5a7955384b696b53335545373253624150536d7a4d465047507855584854653371733464714c57744e534a556f534a7662635873776d64644a4644476542536652504d387250486d74396255324c6937696e4b3571715538454d6359346c7256314a41654e4e5964734335703155474d556c6367466c4b76364d593679667363422f32306b54504a4c527947536f58364532526d4777767a5447507348724c444b644c4e4868562f3752366a71597063715152547767385170676567572b615138726a6c79485736717079382f3754526d383276753578745155536a64614364754d676634683541446358362b5768324f59485548615871593075416a5653306c4b5163686e6173643671464a2b72476e35654d3941486d647566625451665a64704453456f713644486d7179567653794661727671672b536a736a795341777758706673633166723272677239544758546d45536f4c454b3068565855667748614d6676622b443748364f3074684e4a346b59334230534b65496e696b57547853544b2f4f74523355727a39566e644d774d7a4d444d7a417a4d774d7a4d444d7a417a4d774d7a4d444d7a417a4d774d7a4d444d7a417a4d774d7a4d444d7a417a4d774d7a4d444d7a417a4d774d7a4d444d7a417a4d774d7a4d444d7a417a4d774d7a4d444d7a417a4d774d7a4d444d7a417a4d774d7a4d444d7a417a4d774d7a4d444d7a417a4d774d7a4d444d7a417a4d774d7a4d444d7a417a4d774d7a4d444d7a417a4d774d7a4d444d7a417a4d774d7a4d444d7a417a4d77507a4b744d635370466e68516b45715055412f54714e624c6d6a305a6d354b63586d546a3667786a7255493157393744713151526a574f73387271655246315a437355754d7133744544776f48715341387636617763464c4746474e4a32356b6242346d374670365a47456f705a705549516d424b6c4b557177417475535479646a724c747670386556342f52744c466c616f585371736d422b486a2f6441336b507348695747634438505351475765534743464934704a4a46424b45654a55646e444d33327a646e4f41346b4b7a735664554a4a426a78305a7146583878364939723631616872745636796e4575704d74553136527569416e68676a2f4148597836493935385839784f6b6c54724345786d773667777a4a6b76764c346669503749306c6c617464766e714a34345532386878467871712b384e7257706c4a782b6d4d4a5470364249755756513839306a334f7278326844496979596a37484a63563266676f4b6537425542316332464172747137563630474f6c526861637248446550483852486a6453692b576b712b3144555574386e717a4977777232564853424e4f6d33563641423937794c6774437855345465464f78333263736f735052555341564a477a43416159304453556144504b6779544b33584c495370536a316b6e63755855754f6f71534f3968747941326531575338536c43486934414f6e5a364955647974523832466a476b72534f4242516d3179543050684e66543079694569392b6169362b707945676837704d6c6b2b4c6a4f587967694a53564868547933356c684b61764f787878324b687476736262754f5a62574345412f693238334273316e6c4a536f494a423664334138316c367556536a784864684c395561363770456837304331374546346b3142716a4b5a2b5a565052795352775873715470506b2f4e6454314f516d496b557267767936335955314642513076477449536c4935646243672f5a30644c532f6a4570684735534475732b4a365863396c585a37714c745731622b79634b6a346648303548787461556e75615750714857733941356e77467937667377375038373275617656694d59705648697155685753794a54644e4d67386b703646534b364539484d3750766c6f44522b41305070696d30377079685453554e4f504e6371756c6131665755656b2f597738396e656a734a6f58536c4a707a41302f6455744f4c7155666e6d57666d6b57656c522f6b477763685a6d426d5a675a6d59475a6d426d5a675a6d59475a6d426d5a675a6d59475a6d426d5a675a6d59475a6d426d5a675a6d59475a6d426d5a675a6d59475a6d426d5a675a6d59475a6d426d5a675a6d59475a6d426d5a675a6d59475a6d426d5a675a6d59475a6d426d5a675a6d59475a6d426d5a675a6d59475a6d426d5a675a6d59475a6d426d5a675a6d59475a6d426d5a675a6d59475a6d426d5a675a6d59475a6d426d5a675a6d59475a6d426d5a676464715776786d4e774e6257356d716a70636648437276355a4459424a466a356e7148533746344c2b393758532f73505432445372686772713555733336516954735061752f7159646138626a3868585553635448504972467772556d49634a515a30425234464c486c623065516378302f704335414b4c63674e6e4a644d59756c6a6a53534279637978304d63616b6d4e4b6546504d323665746851346a52364c684b34374879637777756c71616c426b556850567965785445706b7478456b38726d7773392b4f5a43553737714731787577357153687830497555323265314775474e4e346f3044784965714a537235416b4a54794a66476d5a58317944786367527547484c5531366b717365486131683476334c55527267535a4c385856305051714a6b4258436849466a636b6a5a36456c584f696136696c51364c63764e6874564a734f4e4a76593346793669716c4b517061694144766671664e4e55726c36726a6f64546b56716b4864704235335069777238726b42774b434354346a617a692b51564e4d5356534b49366e4a5451635364376e7075655472716d6c536b4b4f774857527a595171736f6c714b696f57423633513139456b714f337163377237643251426478797367547858413562377349366d6b5245437367414a463371366230336d75306257394c704c414467584a366454556b58525377672b6c497236414f6b6b422b39515645366c7830464445756f71366d524d554d5559757061314779556a3176754c39336e737770657a6a52776a6e536958505a414a6d7964514e37727474476b2f6b546577367a63394c4355646d2b6938486f4c53564a707641552f6455744f4c715772655361512f4e4973394b696673413241636a5a6d426d5a675a6d59475a6d426d5a675a6d59475a6d426d5a675a6d59475a6d426d5a675a6d59475a6d426d5a675a6d59475a6d426d5a675a6d59475a6d426d5a675a6d59475a6d426d5a675a6d59475a6d426d5a675a6d59475a6d426d5a675a6d59475a6d426d5a675a6d59475a6d426d5a675a6d59475a6d426d5a675a6d59475a6d426d5a675a6d59475a6d426d5a675a6d59475a6d426d5a675a6d59475a6d426d5a675a6d59475a6d426d5a675a6d594831742b2b576856506e64473133654b34562f4651384e39722f68717662727464396b6e68333733576e6a6c657969584d5151695371774e5169765459623931756d55442b4258462f4377786c7065557267515164696b4562394c6c3149536f424b31456e773233654b744435735330735345384e774e6a31764a75464a6b693469643763324633456c536b67485a5936337443554953436b69344f2f5343394e46396a79364e7a7539366d6a544c77704943696659772b69636b6b6a63587659766a3446475a5677745354754c633359436e7030473573464478752b5a4b5977437133695344795956716f67714e584153623837387748784b67436762446856304f326c5345324e67642f5736365370556c53754a4141547341646d476a4c44496c52566230687a485736367643524968584351664a3361316b70343746573137383750536c556962694669536e30724668584c54336b4253654736694f665536544b69344e376353656a6d376d766c454d56774156413275656e7763647955345756472b334e6852354242394b3535637570786a50565361576e6b4b6941514e33665a4f724349696b71354f7137503947316e616872744f457031535234656a4b5a6374557032344937375270503531324948554c6e6f59546e376f65675a4d766d707530544e5569785455784d5748456966526b556268637738766c423837507451396647554e4a6a4d6454342b67703436656c706f30785178526979554a534c41423744417a4d774d7a4d444d7a417a4d774d7a4d444d7a417a4d774d7a4d444d7a417a4d774d7a4d444d7a417a4d774d7a4d444d7a417a4d774d7a4d444d7a417a4d774d7a4d444d7a417a4d774d7a4d444d7a417a4d774d7a4d444d7a417a4d774d7a4d444d7a417a4d774d7a4d444d7a417a4d774d7a4d444d7a417a4d774d7a4d444d7a417a4d774d7a4d444d7a417a4d774d7a4d444d7a417a4d774d7a4d444d7a417a4d774d7a4d444d7a417a4d774d7a4d444d7a412b4b74706f4b796a6e6f36714a4531505047714f574e59756c61464167672b4242732b566d4852624c6162716441396f5754306c4c497055644a494a4b4752582b4c544b336a506d42364a38556c354a302f6b552f4370414e795275387139762f5a372f746c70704e666a494566375159753874476f4379706b2f57684a366c6378666b6f44724c36376163797678454151654b4b564a3456494b624b424273515230454545454d4d6f7831365474784333304f306f363368545a494242365338636f715a456f755353527675587a342f4d4c535367794b334f35366d475559616b4c554f456d3546695874526f6d584f4156705367454b5372683678794c694f45723656536b6b54574f337a62755a55637857714a66454a495475654464494936474849754e4b30794430354e774645486b4f743673744f73685841624b76364e7866327533687030797055714f524b6c654934626e716574557058484572305537622b444350794b576c4a346755465052747336326f5833616c45453249334e397939334971344f4a61696f4a385479636572716c555a4f3532366a6468775a56614649394a594147397934686c3634494b754658454538376c37325a725a447858366474334139565a45515573684b7a797577344b6d624b366a314253615930374161724b56386e64517048797036317150516c497553656f5075563253614578765a396f326d7756426157622b64724b6f6a30366d632f4d732f5142304141504750334f39424978656c704e655a4f432b567a6966374d566a65436b42394544714b794f492b4843382b4d444d7a417a4d774d7a4d444d7a417a4d774d7a4d444d7a417a4d774d7a4d444d7a417a4d774d7a4d444d7a417a4d774d7a4d444d7a417a4d774d7a4d444d7a417a4d774d7a4d444d7a417a4d774d7a4d444d7a417a4d774d7a4d444d7a417a4d774d7a4d444d7a417a4d774d7a4d444d7a417a4d774d7a4d444d7a417a4d774d7a4d444d7a417a4d774d7a4d444d7a417a4d774d7a4d444d7a417a4d774d7a4d444d7a417a4d774d7a4d444d7a417a4d774d7a4d444d7a417a4d7750726c39345452696450366f6931706a49516d6779636f6a794b456a614b6f5079792b532b522f534150316e324e6466715444304f66774e6268636e454a614f73694d5571656d783652314547784236434177366f5a47552f434a6b5275534c4871635272386c555539514664346e7963324f4b7163546d4b37546556737171783833636c647264366a6d695165436b3250746358317a6879696e564a4567585365686849644535524e524d44495259622f50626435667736344a5552797772556d6268334136543568395a6449564d386452777058774c48496e5a356c30746c4d6f756b516b6f6743416f5755705149595a49585654777858576c4a4b392b494c757279322b31782f4e5a7971514c6e3049316262376b2b4973396d6c714b6970346f316a686b4f3130323949646667366e4930536f6c474a563037376b6a3572734e61544b6f7146384a346c4974653974336f56775259714b69704a3558484c395439775533647a4b6a586370424e754c6d4234763758677053555734726747345951334e6e6934676c467a306d2f76654f4b334731657039583476544750685850506b4b744541516e386c37724a5051416b4b4a5051386b352f6769706c6e596b58765a362f335531556c543934477037354b544a5459655a564f53647773725146572f687577376755564e425230634e4a53784a6967676a544846476b5743557046674234414238724d774d7a4d444d7a417a4d774d7a4d444d7a417a4d774d7a4d444d7a417a4d774d7a4d444d7a417a4d774d7a4d444d7a417a4d774d7a4d444d7a417a4d774d7a4d444d7a417a4d774d7a4d444d7a417a4d774d7a4d444d7a417a4d774d7a4d444d7a417a4d774d7a4d444d7a417a4d774d7a4d444d7a417a4d774d7a4d444d7a417a4d774d7a4d444d7a417a4d774d7a4d444d7a417a4d774d7a4d444d7a417a4d774d7a4d444d7a417a4d774d7a4d444d7a417a4d774d7a4d444d7a417a4d7777663841654d78794b4c556d433142476d33785356304652595775552b6e47542f5444695658514971714336346b6b45634a73386f2f6556707538374e465667534371687271656347334c302b412b35627876685a56564e41554a4b516f67573335734d5556654b2b41795367445a4a56612f72633630704a4b6c5365433532412b554565782b38316a493131524b30676c587a4a64337066466f696e487937386b322b6739444354347557457a7043785a42356b6a666c59506679734d4d3150737230726a68333958532b536c783079493145494b305876594558506835767850477349737669556d3449754c58365344314d49784c5649686d4b5a4c6e69484353533953706d4e6c6f33462f6c467554334d31474f4753524154476d31676b472f547a75364a4d70566346523250434648704c434c617455593661524b655a335076656e393073465062684255716c4b56564d4e644741423834536c46676636705071657a71307156424b446535354631333366796364326d6150724274332b517159566e724b777450366d4864786d484a6d426d5a675a6d59475a6d426d5a675a6d59475a6d426d5a675a6d59475a6d426d5a675a6d59475a6d426d5a675a6d59475a6d426d5a675a6d59475a6d426d5a675a6d59475a6d426d5a675a6d59475a6d426d5a675a6d59475a6d426d5a675a6d59475a6d426d5a675a6d59475a6d426d5a675a6d59475a6d426d5a675a6d59475a6d426d5a675a6d59475a6d426d5a675a6d59475a6d426d5a675a6d59475a6d426d5a675a6d59475a6d426d5a675a6d59475a6d426d5a675a6d59475a6d45503761365131765a52715341637851726b486d69792f384168654274477a4b56544a48467a516c58692b79327136663476533257704c583736696d6a3558356f55483166306754484c4441527a706f31482b2f7159534f717059355a49316b71415572684238624633756d4b5a4a4356714b676f43313763724864364f5453494d576d72514261465354627273584a6362546430735370574f4a6470414364694f723262734a42526f6d524633635a493557463931654a65746b343170696c3946557151723068784150636f34704247554a436956583234686133506436565a5442615368524b654732796a66627035632f73595166554e4970533072556861656849522b76717630756a54536b55775259717553546272633379554d696c68496b48415052394c717473394f43684a527842535352306a6f444448576578386b314a496c45536a5a506f335358484e4349464a563465723444484e696451786d572f355672754437466535356b7273517456504964794f4532333576472b44784d677039613036452f69516d6c7245633767684b78394b474862734d362f5456634d6c70374835424a4246545378793766704a424c7347426d5a675a6d59475a6d426d5a675a6d59475a6d426d5a675a6d59475a6d426d5a675a6d59475a6d426d5a675a6d59475a6d426d5a675a6d59475a6d426d5a675a6d59475a6d426d5a675a6d59475a6d426d5a675a6d59475a6d426d5a675a6d59475a6d426d5a675a6d59475a6d426d5a675a6d59475a6d426d5a675a6d59475a6d426d5a675a6d59475a6d426d5a675a6d59475a6d426d5a675a6d59475a6d426d5a675a6d59475a6d426d5a675a6d59475a6d426d5a675a6d59475a6d4846574339484d4f754e58304639573862434b6656455542482f4150546f56653071665a62566c654d5670624b354d6b6632576a6c6d3336536c42492b68396159352b5074415247523653635a546f562b3961352f7a4d4a316e616441306257536c507952465676414f36304849724936547070566b6c634b65376b754c685844743778593366446d71644d7568736847506e4e4b753373666e735272457934716e6943687756464b6956506774506f712b78684d714b47574e4667694e6361527a76592b703657516e7036614969614f5346524a7562635139566e644a536d4361793976544561726550796c786e5836464a6f707754596a68747459664d47465a6b362f487770536169535570535263474d3333324876646a545530496a4376683167465046386e5231757231676d4e4e46547175434653786b69327873584b4a6c4a516b4a734154545873777071326267675042526c5256594a425742636d2f366e6a5073777149612f745131626961694a435a5a7352544b41427546446a6c4a487357486b764b53424d564773486c49692f714248327644576c616f596e746b71387659434b4f6d6f3031427638413453314c684a38676f6f4c44502f59764f5a4f7a764830366c4579555a6b704633356778794b5342374c4f5a5048665a62554a6f6457616d303470566833796368546a7252494f4664764a535237586b52675a6d59475a6d426d5a675a6d59475a6d426d5a675a6d59475a6d426d5a675a6d59475a6d426d5a675a6d59475a6d426d5a675a6d59475a6d426d5a675a6d59475a6d426d5a675a6d59475a6d426d5a675a6d59475a6d426d5a675a6d59475a6d426d5a675a6d59475a6d426d5a675a6d59475a6d426d5a675a6d59475a6d426d5a675a6d59475a6d426d5a675a6d59475a6d426d5a675a6d59475a6d426d5a675a6d59475a6d426d5a675a6d59475a6d426d5a675a6d59475a6d426d5a68424f3379732b46374c63724546575857474b6b5234393549416664643446303876346a586c5656583255705352354a4e762b4635572b38315839316a645059336941452b523739652f7742574a4e2f2b4a346c30596b7831654e715a4c38565168536a66784e2f74595a6979704930314b6b485a565049442f564a6355374536705650683851752f3831557952712f6355584a38697348546179655863712f796c7854736a6976706259486a494368366a2f49777a566c3443716f4341516e346d50674250517362705074733478726d62346a5371363678536f5266694a504e4b6b4b39496530467a4449492b4977794a3439316f536d56507333397a6847754a45796162795a69735936716e6b585966566d536d36682f456b42513869776f4e5556416c676f45632f78726e2b6935666c46693869687a455043505938613164636d6f707159385777536851505873673365524d717269684a5439596659777038684a65414a4a325169343968654936576d525564715656694a43452f7458546c56436b32462b4a43346c6a32584a395479726b74304b74793774492b6c346e3144556a4764744f694d6753557854564d3946496643536e492b6b41734a766f7650534c31666f6a5545704b56563043385858442f5747364c482f414f70476e327673412b724f634d7549717335515258456c44556f7a4e434f6f46514b77504a63642f77434a396e73585751354447303166546e696871595554526e72536f416a334668734d7a4d444d7a417a4d774d7a4d444d7a417a4d774d7a4d444d7a417a4d774d7a4d444d7a417a4d774d7a4d444d7a417a4d774d7a4d444d7a417a4d774d7a4d444d7a417a4d774d7a4d444d7a417a4d774d7a4d444d7a417a4d774d7a4d444d7a417a4d774d7a4d444d7a417a4d774d7a4d444d7a417a4d774d7a4d444d7a417a4d774d7a4d444d7a417a4d774d7a4d444d7a417a4d774d7a4d444d7a417a4d774d7a4d444d7a417a4d774d7a4d444d7a417a4d774d7a4d444d7a417a4d77363566656d72796456306c4d6c5a50776d4b6c6b3465705568556b66384c6f364741517734685132345152394434653332722b4e3755383269336f512f42555933763878536f2f61374d786c4f4978303174684c776530582b78684c4d37567154705358684e6949566836505a47414d54456a66653474367a6236533633566c6233576c356b333357416765737538374859776d695356374a536b712b776661777a4e67727177744d4662326a41503050486574715353436d79464b6b6b49574c5776734643356a563744776e3150496d432f396c7844714248766446724f6a51715154534a346f5a55474b516651777748543143766752416f6b4c67536c4a486b6d3332504d5356697078636376356b4a507565497452555338626b35597a6370576770423637664b665a74366e6b375355346e306a535358756537537730613239314a50534c50432f625346773147477255334336544c514b424852785854396f656273724677535748554338516476564d547079736c51505369496c54356f5546665977762b3077684e6270335543422b48564a464c4f6567706e51436d2f3859487465567675355a565751374d61616a6c587854346d6f6c7836376e65306176512f6f464c7852567848565059644561516731434b53384248524c47654f5033684c73507573366d6a5672504d59737143594d3352785a576d422f306951457970486a5a5366367059646a575a6d426d5a675a6d59475a6d426d5a675a6d59475a6d426d5a675a6d59475a6d426d5a675a6d59475a6d426d5a675a6d59475a6d426d5a675a6d59475a6d426d5a675a6d59475a6d426d5a675a6d59475a6d426d5a675a6d59475a6d426d5a675a6d59475a6d426d5a675a6d59475a6d426d5a675a6d59475a6d426d5a675a6d59475a6d426d5a675a6d59475a6d426d5a675a6d59475a6d426d5a675a6d59475a6d426d5a675a6d59475a6d426d5a675a6d59475a6d426d5a67626f5a6d485472744a6b372f7445793831306e346a55796b677035464d4d61683949633672716455656a464c49394b6d71554c39566734467139534a3957592b6f5351704e526c612b704a4173436e6941762f536555716d494c30335830797941706343564a76306b426843746454663948515242577935553238647635586b6a73766874514953452f4f654c79536e596531346c314c4e38576e4377526e30796a69583447344832504d2f5a65416165512f55516742506c794832734d6a3455634e474564524a486c642f4d35537071714357465175464a4962477146304a485368376b6f346f794f734d4d4561376f6c53304a5572616145334a747a36442b7432485a685539377052644f5436645049556b667842322b7471494771716f6c4379566f4b3037637766314836584675796952516d7a46476f433655672b77734a6c6c594171706c5142756d4a44786a3275555878476e366e30626866654a397a7937557833794e542b36693339556c7762586c4433326e566f7475536f2f5377686633646133347673315251724e3549464b6a4950515153422f6c63543035586637453970314a56584d634f487a41762f324f703256366878712f71766e2b3739566d67796d5778717472563079456a783455537039776b664c323234794f48555546594261444a55367153512b4f366b483371444475536b334678757a6850595871466570757972425a4b646648564a702f687172723732496d4e562f4d707636334e6d426d5a675a6d59475a6d426d5a675a6d59475a6d426d5a675a6d59475a6d426d5a675a6d59475a6d426d5a675a6d59475a6d426d5a675a6d59475a6d426d5a675a6d59475a6d426d5a675a6d59475a6d426d5a675a6d59475a6d426d5a675a6d59475a6d426d5a675a6d59475a6d426d5a675a6d59475a6d426d5a675a6d59475a6d426d5a675a6d59475a6d426d5a675a6d59475a6d426d5a675a6d59475a6d426d5a675a6d59475a6d426d5a675a6d59475a6d426d5a676462716d742f5a756d63706b4c322b476f355a722f756f4a2b7832546858626c562f42396c65625546634b706f6b5536642b5a6b6b536a3646466831706e694b383970326e5564786a3556487a55734437486c6c4b425659436d6e487a4243654d6572685538583161436e572b4d4947794d656c5138752b586636486c656767416f70496762445a615431453832474b6c7757796f47396f556e6e35764e6e5a2b6b4a6f4b5341624b6d737466676e6f654c736c52455a535249734f39484350446435513041766951716f4232536b4952367467777944516e2b316933796934447356636e6f554b624b4867485948644c434a36316f30716a544f45334d5a3338556e5a512b33315047476a6b66732f58565a546b693030536b713878302b78356f7938496d70464a49763050447564516e4736326f4b78573063736f686b39594b622b7768686b5253654b7057763877542f6b6363315a41465961645055692f394679576e53457849436a756c4b4166634854366c694a7874576e2f5544364c66597736313659582b794f30374e3857794553554e646239486a4d45682f7179755939746c47756f30464e4f6763552b4f6d4567742b67622f4145465163553152416162745234414c4449592b706f722f414b51534a4566306f336b6972344d7a7079554c415569756f30532b7370332b6b734e76376e5763436b366930345633514a49736e5444394756504375333853556e2b4a39684830722b37666c704d44326e3442457169457a4c6d773152346d2f6f66306b6f6664514d444d7a417a4d774d7a4d444d7a417a4d774d7a4d444d7a417a4d774d7a4d444d7a417a4d774d7a4d444d7a417a4d774d7a4d444d7a417a4d774d7a4d444d7a417a4d774d7a4d444d7a417a4d774d7a4d444d7a417a4d774d7a4d444d7a417a4d774d7a4d444d7a417a4d774d7a4d444d7a417a4d774d7a4d444d7a417a4d774d7a4d444d7a417a4d774d7a4d444d7a417a4d774d7a4d444d7a417a4d774d7a4d444d7a417a4d774d7a4d444d7a417a4d774d7a4d444d7a41385066656a7a634e4a702f423444633147567953464141327448443661696657554431764d4c366d2f65507936736a3934544734304b76466961464d6467646775543031487a73554d504761536d6e316a674672486f7a3478536650686d4e2f38414f486c6d6768344b5249554f496433645248534f524939783962786872784359357446316875417063384b694f7053456e374366553871344c765655636353694f39516b4c69505153425a536649672f5177675765694d47544e6c63515373384a48534f687a6e73364671564b443955334c6932744b645563676c516e30437269534f7277636c30464d456b494a335762734d6d3070345951656b6837714e347739476d4b5a4563536551324433594436424444677142644242366469385339726c4372345a637359394a4a54496b6a38774c793755445a546850614c5266453465634a487042424b57487246314a724d485431592b61616e6a5566506137395a7950764b4b70482b71436665363352556e6561616a6a507a515852367559397a755a6b39354771506e784b515065773634647345496f4e5455475635436b795561314839486a434665355a6372306373667368464d6f332b437170614e6637764565482b67744c712b3369674e54702b726d53505358484e496e314c556f6635512b48514e64333830795372624959366e72342f4661507770502f41505757475038415078545948572b566b67756d536b7136664b51323846634b3766784a4239623731597972697238645456304276465552496c5165744b686366532b6e6e6174516f54713668726548384b756a58537965496c5278442b6b672b31396a66752b5a565757374973464a4b72696e706f5452792b436f6c464830414d4a387a4d774d7a4d444d7a417a4d774d7a4d444d7a417a4d774d7a4d444d7a417a4d774d7a4d444d7a417a4d774d7a4d444d7a417a4d774d7a4d444d7a417a4d774d7a4d444d7a417a4d774d7a4d444d7a417a4d774d7a4d444d7a417a4d774d7a4d444d7a417a4d774d7a4d444d7a417a4d774d7a4d444d7a417a4d774d7a4d444d7a417a4d774d7a4d444d7a417a4d774d7a4d444d7a417a4d774d7a4d444d7a417a4d774d7a4d444d7a417a4d774d7a4d444d7a417a4d776444364c6175726a6b65336e4f31716c3866466c4b6c435657743645616b78676578494437307638414f724356387462326f354361556e656f6e4a75622b6b5a6c46572f5475626570686e44744742485a72696371676353735a6b595a69503054784955505743386e61625065346d4a4b4658576c4158417638777479396e304f42314e4c2b312b7a664a5977446955756b5574413855384b6839726c585a44574a794f6b4b41672f696f6a43504a53663137483173504f733658764b4e557941516c6539756f765730504f6f7a523250704430423970637631425369584854424b4c6f6b535350305642342b30394b756c715641664f7151684c444f4750492b48322b564939373371596b4a394c6d585134436f37796e6a69427659656b37314669712f514e6777397967464c6a6d6f6f784a5272516567454f534c335158525a70484768514778554e764f7a4343396e6b6e444a6b615752587979384e757271636c695877426369755561536f2b6f4575463457595557737368665a45363046493854612f32755a7a42507078482f414246465071365747504f30724769585430635254632f4446437650673339354c785432645371696f4e4c31525038414d3163324d6c50364571536b66303049656439635139376a694c62384a3238776f2f61486744546b556f307871476a687633394850385842344c6a5746443368684a4f316d457230716d75536d3636475153654e6b4c432f387055386d2f645572682b794e5134573474545a41564d6669695a41502b5a43766134646d55775a6e4156525141616574706b7a6f48364b6b372b3552666a377157515842724a4e4c4b6f385662686a45736463744e4b45483358507259646e475a6d426d5a675a6d59475a6d426d5a675a6d59475a6d426d5a675a6d59475a6d426d5a675a6d59475a6d426d5a675a6d59475a6d426d5a675a6d59475a6d426d5a675a6d59475a6d426d5a675a6d59475a6d426d5a675a6d59475a6d426d5a675a6d59475a6d426d5a675a6d59475a6d426d5a675a6d59475a6d426d5a675a6d59475a6d426d5a675a6d59475a6d426d5a675a6d59475a6d426d5a675a6d59475a6d426d5a675a6d59475a6d426d5a675a6d59475a6d484457314d4e48527a566451726768676a564a497271536b456b2b7750383473424f6865746a5752704b55564b705a55673941564970512b6c393550764435685745374774523155612b4757616c2b466a3835564350364645766f6a4a554a785761786b33646c514b4463447159646e394331415652783333517042536649676a37413976736750374f71636a6a4c2f386d71314a34542b5658704950734a48716362374f636842506a71616f6858654e64765236516233636a6b4b4d4c722b6c72427453354f4c3465513948476b3351665064686c6b5169614a53566b575838336e304831764656584238487143614166504773674471336555364a5a5847457133756e5939593651386336356a544271635661622f69674266676f62583962436336526d4863635a4f3349654c6c5847714f6e755475586a2f52745433737959676651693238335070507851684935637977325956465342666d5136724d4438456e7048363359386642496846755964666d522b4773666d424444464f6f534b62564d456f4e6775524376666237584f355278315250364a48724c7839722f41496b5a4b6a6e534e77624831472f324f65496c765451725438306832595665707a336c4a496f446d53665675423767384b365270754856326f614f32784378627a41656273366a696757685052634432572b31346e3076454432703578412b56534366594c4d4f4451453365615a5253536d363866504c51724836494e30663046443250543749616b3466746a6f6f5647776a79796f6950304b7146512f33695065326e69614857756f4d59646b7a6f6a713044394a4a344665355366593676556b707766615a515a564f794a65366c7638417051794a6d4875456f59647a42795a2f45454b53464167673767682f57426d5a675a6d59475a6d426d5a675a6d59475a6d426d5a675a6d59475a6d426d5a675a6d59475a6d426d5a675a6d59475a6d426d5a675a6d59475a6d426d5a675a6d59475a6d426d5a675a6d59475a6d426d5a675a6d59475a6d426d5a675a6d59475a6d426d5a675a6d59475a6d426d5a675a6d59475a6d426d5a675a6d59475a6d426d5a675a6d59475a6d426d5a675a6d59475a6d426d5a675a6d59475a6d426d5a675a6d59475a6d426d5a675a6d59475a6d4747507669565063396b30564f447655354f42467263776b4c582f414d496654335555516c7a6c4e476758376d6d54667a4a50366e32762b2b694c364f7741333379682f77427a492b73474e706a583575716c7463426641504a4362665353776e485a744c4e53776742536b78715478416452425038414b386d5a7572526c7352384d6f6d4b644b42505379667070364842394c304b3471564a43663573425238696635584e4b6167564e6a317866576758364f322f583944444b6e5a356c6b5a7a54314e556b684d716b32575079536a6d506275367674496f52496c4e556b57556b2b6d4c6449634d30466b35744c366b52513169794d646b46414958665a45682b552b766b387036756f7a573468636f2f6e45433668316a725951765331594b64414e393163336c484354642f5470575868644579344b6c4558495865574e4a7a67306952304a517776464b535a464b2f4c734870355335674a504d4864387645516c50577056337235695152776352504f3132474b2b305963465a546932785863487a42446c476e357a4e6a6161553768434166585a7866745a554961616c71722b69695a49556641386e64614c6d456d6d615939594b54366977736168484749306e36784b6a394c786c7053452f393639656d3236364d724a387938714c54744972706a707966576f3244783770474a49375736784a7464644b74436634414c73497271796d4f4f37554d66556e305554714e4f6f39596c53556a2b6d45757337573662697764446c416e656d6c73767947352f6f71553556323530716f61575049784330744f7276456b63377872437839443439585573575230726b6f30414c515369655078536f482b52686e375146634d6c6f66435677575639395151714b757338417637336550475833583867717437473856444972696b6f467a55617a2b354962653468354e59475a6d426d5a675a6d59475a6d426d5a675a6d59475a6d426d5a675a6d59475a6d426d5a675a6d59475a6d426d5a675a6d59475a6d426d5a675a6d59475a6d426d5a675a6d59475a6d426d5a675a6d59475a6d426d5a675a6d59475a6d426d5a675a6d59475a6d426d5a675a6d59475a6d426d5a675a6d59475a6d426d5a675a6d59475a6d426d5a675a6d59475a6d426d5a675a6d59475a6d426d5a675a6d59475a6d426d5a675a6d59475a6d426d5a675a6d59594b2b2b6645526f444456682b53444c4a3474767a517944374831343750614d716869576f656c494f4e586a784b502f414b4a665a333733314775713745363656414a4e4c5755733233514f3943436659743445374e364d717061645676384144673936316a3757453430335171556b6f344e704b577738787638415935546749543369676f6650474350336b376651326d614c75303036796e5a4d716f31652f7744573546426a7534435a45702b535433636d46546c4e50525a50463146456b446a534f38703164562f3146796a7339796b6d613075615773756e4a55503446536858506948492b5248327631533035544b7042755052346b48774c307248453532444e786a68524f5254317152795035564d497a7148467167726c4b456966525663427a4c5274522f5a516b6e633244712b306568345a45316b61626f567a4962534d2f42456c52354a33595a4169744a4f6b446b6c4c3463764233734334723237784a4354314b3648346f4a54336b5950536a694c2b31556e65306964393137673952425959713752554b7264497a3857796f77557138434f54324f79366f37375455435365617a7431644a646e714f6b544f636854573943706a4b774f705854377758484f787466396e724b57512b6c53796c4a75776e3533676b502b6c714934782b366b4652654e4e4d534b4862624553665258444e66317173386c794a76484367666d4b2f57386259564842327330306e49696e507656663747467a327730496d77387165473445696758454e4c7a69713056524c587556305a705a5033346c46492f77416f39727962326730346d6f36744a4637544251386e6976732b5372396b5a7a476e6456446b6c4c514f704b7744394b564d4a78393147724b6364716245636b5156364b6c4136684b697848746a4c7a5938426664346d2b4137544e52596f6d794b756b5455526a72344a4c482f41486a7a36774d7a4d444d7a417a4d774d7a4d444d7a417a4d774d7a4d444d7a417a4d774d7a4d444d7a417a4d774d7a4d444d7a417a4d774d7a4d444d7a417a4d774d7a4d444d7a417a4d774d7a4d444d7a417a4d774d7a4d444d7a417a4d774d7a4d444d7a417a4d774d7a4d444d7a417a4d774d7a4d444d7a417a4d774d7a4d444d7a417a4d774d7a4d444d7a417a4d774d7a4d444d7a417a4d774d7a4d444d7a417a4d774d7a4d444d7a417a4d774d7a4d444d7a417a4d776a6e616468343839326535334579637169696b436472325542784a50744166576273316a522b7a4b5659414846533079742b6930796772365832366c516d534a556172384b67556d78747358314f306e53533432727138504c364d7448555674435165676f6b34302f72595a58783048643039594c62785658454234454439546b76646864496257736f4133644869464a6d6e6b33394773706b71483777462f317536784b2b4c4870536561626f596534785a46504c7a4b43554b397636692f73314c484f4b69686c414b5a556b4a7630376250374262757042314b436e79315353456956487a4941555055773059492f32767079536b6d76385254666871754e7a626b5845385974644c4e4c536b4b436b6d7a6c7935526a73326d735474545651416c48556567756f316d6e396e5a474b73696a53595a4f5a7377753647734a71436e692b534d4466796535786c56456c413569506a48714c6f614b54696d6b5863486951434348637753424d6b4b56486275642f61776f63794233776c36434f4d6552325550627534646f5a536150572b626f755865684d6f38584e38314833644f7453686355367a7844726a5673586a394b76673964556455446676497a444a34324f33754c444a745036636b41762b66334234395245596530616c6c33415643456b323679624f6655537256635176796a6b50394575455a3958633669783876494c545471762f462f4b776d3271496538697145394b6f7758695052456664396f47636f7a734b796c45714231715373583979336d6a5049426d554c6246424477396a6b696b37584d4d6f374a716c7930782f696a566233704444356f4f73546a4f327a44475659534a5a367167556576695356493934532b797a366c39703064526874547179314b434a714b57484a77323634316a6a4873345832747831564657304546625471346f61694a4d736175744b68636534734f646d5a675a6d59475a6d426d5a675a6d59475a6d426d5a675a6d59475a6d426d5a675a6d59475a6d426d5a675a6d59475a6d426d5a675a6d59475a6d426d5a675a6d59475a6d426d5a675a6d59475a6d426d5a675a6d59475a6d426d5a675a6d59475a6d426d5a675a6d59475a6d426d5a675a6d59475a6d426d5a675a6d59475a6d426d5a675a6d59475a6d426d5a675a6d59475a6d426d5a675a6d59475a6d426d5a675a6d59475a6d426d5a675a6d59475a6d4239624f316d6c56676531374971516a68697955454f546838566f2f446d4872417636772b7962773939352f446b344c466174686a346c346570344b6d77353038316b4b76354b34537731394f56714454553667712f636e30543170356a334575535971634a6e714b51386c576b516574347630625838454561464b756c4378476f2b422b557566596c616850475475714d6d4d6e724852376d463533776a37773941646774514e4e47733769316a354f696e4337534250316b6d7a734b476f452b4c485877573962446c7271595330716f464463624a4c724a492f3274702b717873687655302b364c38396e646954764b5747627049462f6f644658534b786d664661684a4d4d3230675955326e71776d5a644a4b4369534a46694431417556517151757170624734556770506c5a786e57644d4d626c4b664e556776543141345a414f572f4e37394e56684f507036704a76335368754f70687556784267557151667a5a3775556461547464347a7a38616f4d3345685a394f4b5a4a537272547942396c6e6b7a49536f52566951377756534f4139562b683437317445754e534a434c795569724b2f536a35672f53776e754e5836644f752f4f4e51506a364a44694774687744487a62666877526b2b4e6c4439546b574b6e53764851544a506f6c4e77664d4f6d316e456d624652396677344139374364356851576943556634694571486b51384d646f6376374b7a754d7934735067387054796b39514571622f3053586c614b704d2b6e734e4d6f334b36654f3538685a3474376136637a5950496f5238364669336d5151474631327359744b73336a4351444656537930432f45794251542f53536e3275372b375a71575134716f30566b35503758696c45557055643177332b587834623348364a48555855397055717374324f554f6f34626d52434b544a4a49367877725076636131665231394471424f70634a49716e7234436956584239644b68786f58626b51556b2b7851354d4f7a724f46646c5775344e585930785643453032566753444e434e68496e6c33694c37384e396950716e5939424d3159475a6d426d5a675a6d59475a6d426d5a675a6d59475a6d426d5a675a6d59475a6d426d5a675a6d59475a6d426d5a675a6d59475a6d426d5a675a6d59475a6d426d5a675a6d59475a6d426d5a675a6d59475a6d426d5a675a6d59475a6d426d5a675a6d59475a6d426d5a675a6d59475a6d426d5a675a6d59475a6d426d5a675a6d59475a6d426d5a675a6d59475a6d426d5a675a6d59475a6d426d5a675a6d59475a6d426d5a675a6d59475a6d426d5a67646471664430756630376b4d4a5770437165757031774c3235425149755045632f5537466d48556a52364b7167725a734a6b7651726157526442556a2f41466943654658727474356835557773766678777234754655715143542b644c6a5033684d4c4a676530476a3150416b6f6f63796b513143306a614f716a4630712f695150364236335a61587255564b42477179424f7136535071536a3568394259547041436f6b4c74754459683630422b485649676d77544a7434677637515471576d363758437547516452362f497664726162766f566f51414667416f50577735616151496a6870796270555641665348397171614b70686c696c42735547336d39536f51754a63536b6a6b5173447136337668595655332b71517769754d6d2f616c4e58615a72442f414768414b715a53756d7a724d424a4a6573785536696c584278494246747873512b545764504c6a71784759706269536d6d4234683067766b7a366f367169703954343768425552337741354b36543632473553564171734f6943513258756b453943302f7742773437714547707054336e383747444776394a4a35506270356772763152473656684e516933516f624b487366486c2b4352435a7750526b39466672596357686174552b6d345546563151714d5a3954323952584f484276754943665953364c73396b4b555a57413746465171773933392f4e3275713575377730784233545471393932462f697043644b596b486d6c47336b345a326e4a377a465a6456766c376f2b75354c6c744a4a77594c46782f366b5863593132424a6738794f663469452b7342687a396e53305a72377536636375796c3071616a48724855593553452f30536832465a52726d3046703755455561704a4b6248785256534569367049514144357153527844794936584466752b5a43314a717a41725679715971364d65456b515372336f48746557657a2b4c764f7a664649554c67302b3438314b3259597a79324b71735854723144707963525674427731744d7550644a46765346756c436b37456449743068356f374d745a304774744e52354f6c41687145576a724b596d366f4a62416b654b5465365430672b62673064476356572f4263496b702f5356436b6a615342642b4f4d655233416346776c5257646e6d6f6f38376977756167534f3672715a4f2f784e4b435464492f306b5950456e7254634d4f7a625069704b694772705971716d6b544c444d684d6b61306d34556b69344938434c506c59475a6d426d5a675a6d59475a6d426d5a675a6d59475a6d426d5a675a6d59475a6d426d5a675a6d59475a6d426d5a675a6d59475a6d426d5a675a6d59475a6d426d5a675a6d59475a6d426d5a675a6d59475a6d426d5a675a6d59475a6d426d5a675a6d59475a6d426d5a675a6d59475a6d426d5a675a6d59475a6d426d5a675a6d59475a6d426d5a675a6d59475a6d426d5a675a6d59475a6d426d5a675a6d59475a6d426d5a675a6d59475a6d426d5a68472b307a53384f723946312b4457556f6d6b514a4b57556a2b616e51654b4e6671554266774a48532b752b6773684f714f5367716f315539624371796f316334355979556c4a385151556e774150532b316a36376475326e56365a317a427169676a3461484d53576d4352594971774e2f4c7645442b736a7859544c47316758775661415369524e7055665437484a344641706a4b535030543168343830706b6b5377706b516f474f5142562b6f756234395a4d5a6836556a69522b7068597a51705848754e306e33463673764645714f2f5142763137326536685957457236466978383357356c4a464b46623351536e31637777316456514a6e774e636b692f77416f396433464e4966675a4b7630785737515663524d562b5156346654366e4c35356b3147477151434478634a634e3139424a46523075557043553156505a53536e6d5147476c68317955367036436f32714b4f565343447365486c2f667a664a784834575741376c43754965582f4d3263714961714848617770314151314954543179414f536a7346665a36672f45316f70555348355665676f2b57333046686f6151555939525a616c734e2b4a667373392f57532f77446f53744a36454165327a72394d52384861444e456f6b4b6d675542346e682f6b6535726230384e564941767871515050662b52686439346f592f48524339304953485161736b4338565849365a4a7a3767377555705169456375464b6265704963557a552f65514c425050764665356846757832704e4a326f7a776b6b49713645493538796b38512f796c39677441324f677366773248414a452f315a46767133533145324b31676a4c77495649724830364b736f534e316f524c36616657677144374d646b7462545a4851386b74444d6d656d2b4c714442496b374c6a5573725152366c4268763554486f794e44335949537235344a4273554c353766543758444b79684656537951534475564b56644a492f6d316732507356766270535348503657534578706a4b2b454b5636506758515a796c4547594b4a556c4d56636a6843776652456736664d6a3641772b39677562564a69367a533156364d2b4b582b416b6e6675436f6a682f67574649387546354d6658464759567048744e782b626d5633644c4e496d6e723738676d51393274587155496c2b31396a67774d7a4d444d7a417a4d774d7a4d444d7a417a4d774d7a4d444d7a417a4d774d7a4d444d7a417a4d774d7a4d444d7a417a4d774d7a4d444d7a417a4d774d7a4d444d7a417a4d774d7a4d444d7a417a4d774d7a4d444d7a417a4d774d7a4d444d7a417a4d774d7a4d444d7a417a4d774d7a4d444d7a417a4d774d7a4d444d7a417a4d774d7a4d444d7a417a4d774d7a4d444d7a417a4d774d7a4d444d7a417a4d774d7a4d444d7a417a4d774d7a4d444d7a413654584f6e4b4c566d6c61374131393078314d646b5341656c46494464456966464b6744366e6473773674364e6d79474879315467737a46334e6453796d4b644851564470542b696f57554431463559784d7856456b703358487550306739507436306a4c504448724c457845316c416a687259304a336c70786338666970473538556b3951644e6f764d707171574e615667714136447a4444496b4843714d384a3946573666422b4b314865774b53655a3650463631444d6e6c6536464334384f7638415739755735736f644f78382b68684673624d714f76565379664b71514a743758393144434a634d53642b4558396972483658387a456677755568714144776d5a4a4a743045766472492b2f776378484d42593939324541773569786d646e30766b4644396b5a6c425447542f41495568355739667673314d6d644d645669617a2f6c6c45736f4e2f7241636a363032666e583147616e48525449326b6a53466f554f594936765a376e3872362f77434c70634e7134626d5a496f736942305370354b506d5073596357505755646f57456e3564345168666a61342b31794c58744761656b4a4b624250644b506e784b4832754d566f5654366c6f6170472f637a425138727649486131777861556e71306762647772314659422b6c685235554b52546c513274466478544a526b553662394d427635714c6e475968426f705641656a384d6b6a31754931385a554955382b4b49454d496c7057696971753053536c6c4134465970595550417a494239674c7666752f77436f3136437a6c5a326636695064557458556c574f7146624a545079584365726a41346b2b4e30394965746f2b68432b3243676955536c46526a4b6d425a36676f4378397469354c32693650704e53346234756f672f47576b6f71776e59706c6a5677723347344955416f486e596739444449635070547a3070507052564843503877507349646a6b6f6b563141716c714557394830462f6c554f524872654e4f7a6255466642564b7765714b67727967516e34537256742b304549547733505233775438772b7462694853426b424e5a2b467666694f3549567959514474463034724c5979574b56493431786b4b56626b62634a506c634a4c79443247352b707a47695971504a4b4a79654c49704b6d35335659446757664e4e742b6b67756d726168556b71524d4e7549674c41324949334244704f7a4b736b7733616f75696b4a52446c6f56524b5354735a592f5451723170347661777a677a4d774d7a4d444d7a417a4d774d7a4d444d7a417a4d774d7a4d444d7a417a4d774d7a4d444d7a417a4d774d7a4d444d7a417a4d774d7a4d444d7a417a4d774d7a4d444d7a417a4d774d7a4d444d7a417a4d774d7a4d444d7a417a4d774d7a4d444d7a417a4d774d7a4d444d7a417a4d774d7a4d444d7a417a4d774d7a4d444d7a417a4d774d7a4d444d7a417a4d774d7a4d444d7a417a4d774d7a4d444d7a417a4d774d7a4d444d7a417a4d774d7a4d444d7a44347049556b7055415152596776424f76644e71304c6e555a48484a574d44577957435279704a53666b762b552f563675585538377658795644535a4b676d6f612b6e6a714b61644a524a46494c705547474c38446b6b54524a4b564a736478626f636a7035524a47556b324e765a314634367a324979476738304b655a5335734e5579576f716f3738422f30532b705136443959654e774a4e68386d6d614e4a43676637386d466a6e49445053794974365948456e2b2f6d4871304e5633304656546b63347773656653374753514c6a456951435562322f4d6e704832756f6c534b544a77794733647257592b496453755443683154427734705a542f684b4239562f355848744b51524c71736c70696f5555303257694336552f6b6e54756b6a2b2f5135356b61595430306b5a7362704d617658742b703479793636696b6f59636e546c51714d664a336962624830547959584b594a4b6a54694b73783856585363634d71527a433062665141356c71564a7a585a594668584574644b6b477736554548374874342f5246426b6164575671716d73697136394b5a704555306e646f6955527a413654593733657868384a5534696e4f477161723475696c6c436f35564a73704a327546573273624d4b724b784559655249332f414c436a662b456672636471714b32516a68747448537076375035586b584b3472764b4356456652436d4548783476315763636c705571726171613233644249396f48324d496470326a344f314c47533232377063562f45692f32504a6b64496d4c5056644d514f3579647034796553616c4b6546512f6a51423630754c345448714f734b4772413254553850394575655a536e4b3469556b42614a4170436a304b76364a396f487459515458326b497133425377786d5342635237326b6e6a326b70354537704b543170562f657a6a47694e5949726153616b7a645442525a6d6b55425649577268524b6b374a6c526636717248623670754f712b59386e2f414733454b6e6953456d5a47365439535163772b765062396f58347569546d6359676f714967564a364c2f6d6a5634645871366e3747742b586b736e775650464c47716f6c696b70354c586b5162692f57343172466138547154455a4a524b4655316242496c51484e48482f4150384151386c5072746f2f576d52775752703478557a4a6f4a6c434b6542617268424a7466666b5158325337565552314f6b38664e63475251694b564133325574492b3139354d665a4c797475356e304d2b4f6c42545478705572695545414539657a35484736475a6d426d5a675a6d59475a6d426d5a675a6d59475a6d426d5a675a6d59475a6d426d5a675a6d59475a6d426d5a675a6d59475a6d426d5a675a6d59475a6d426d5a675a6d59475a6d426d5a675a6d59475a6d426d5a675a6d59475a6d426d5a675a6d59475a6d426d5a675a6d59475a6d426d5a675a6d59475a6d426d5a675a6d59475a6d426d5a675a6d59475a6d426d5a675a6d59475a6d426d5a675a6d59475a6d426d5a675a6d59475a6d426d5a675a6d59616d597874446c3862506a736c54497161576450444a477362456659527a4247344c774c71476b712b7a3755384f4b71366c64546a717a69566a36715459714135784c3643744f3234356733747a665956776a747630616462646e31626a4b594a475367745659365137634d364c6c4976304251756b2f764d4b48435a4a4579456c4b75646a736665374f73706f36756b57676569626353626442484968344c37483957545661453056575678314b4c707376593853545a53534f685149656238584f706359494976304d4e4b646664314d596c32545565677277563048364841395477694a565a5438684f6a6a41385353443949632f315654714f50453061646b4c4378345750392f59386636736d45716849442b4c484d70435567664e63676a33674d4d31364b55697430786a366c4b795572706f37482b455063716166694e676f676a6b4f6b62383370614f6f4b6a41594b6e6f4a49752b7034306a67584875745046755170506753526364416476464c533169753870706f35427955556d3546756a77595631545472706c724955565538697271536638414456626d5041323954703671694271464649754a44663142797156495678416d344f78443052544a6a556548306b5875503066426851596169377574516f413254553348734c6b3030555a517353443044644b76496c384e4843425063446d75377355787057686146636c584443726a707968556b5a3353725a5938667a4f4f366c78614b696c6d70354542534a556b45654c6c6b70376855636b6e492b676f76557a554157676a6f493250304832325964434f325854553247314a5570685152425667725459636c6a6e3752592b594c7a627033556c4e71727364774d2f784b66694b5075615775767a696c6a576d3549367257554f73462b2b336654347273644c57787738556b42544d6c4948506368513974302f7850426c4856312b6d71696154484c37366a72596833304a4e6b56455a33536642514232563058493546324b316e4a54556459527a50625a2b6938467535525a51554f4557554f6e78667434762b37543267556d75757a754543565279574a34614f746a6b326b394565684952314b534f6657466454796736387870494d7a4d444d7a417a4d774d7a4d444d7a417a4d774d7a4d444d7a417a4d774d7a4d444d7a417a4d774d7a4d444d7a417a4d774d7a4d444d7a417a4d774d7a4d444d7a417a4d774d7a4d444d7a417a4d774d7a4d444d7a417a4d774d7a4d444d7a417a4d774d7a4d444d7a417a4d774d7a4d444d7a417a4d774d7a4d444d7a417a4d774d7a4d444d7a417a4d774d7a4d444d7a417a4d774d7a4d444d7a417a4d774d7a4d444d7a417a4d774d7a4d444d7a417a4d774d7a4d4f7076626c7078576a4f3241354b6974485261673471794541324361684a486570323679557148696f395165544f7a2f4c78355446787968583467466c673276667076342f382f4968346c2b39586d704d33326b39315245796a4149456351536561766d6d3974776e7a514859396d47625854393356514b456b63715571554c324367655248556674754f71775a767a424837506c4368634642323954782f32643478576631784a56534a456d4f6f5639345645624c6c357054367263523868317536317871534f6e30525656744d654b5a5365366854306d52586f70467633694e6e4965792f467834724155314d67417134794a46666d574477715074535745306d4b766853684b3149556f324b687a4857363648473039505551564e4170564e4b6f57555537695877574f6e6c7a3576667131694f696c6c50315878776b4a7061645a2f7742496e365748324f70545577726b536b4a6d6a326b516637386e354d6f45596b5279556e592f59576d695454354c765562496b756c59486c7a65765449344970454b46676e6932386a2f414850725962464f7053357270747778727435376276614d6b6b61726d506951655a536478366e6f5957524d734b70443961565239397673646f414362735045715970345649565a5346633356656d72764d64554736776b71676b2f4f6a39593666613753524142346b37487248497655715930793256593351726946756154316868414e595967564d5375386a4b6f6c334567484f79746c6a36464239624d3570656169585734616f414d6c45706134534238304b6c456933674476346356756839784b2b4f507531393577674b353954775032793052704d37513552494b45496b5853546a7252494c416e77765a5138557562426b374d6b533479563771734a615231426e657a7a566c487166414b2f484b6537716164536949717550706a5862727463486f565939642b39485a787250433637307054616877637856424e644d6b613970494a4238306178304b487646694e692b6d75704d4d704e48454369796b7958396a324f773357736e5a7a326b55383830363438446c56696e7963642f51546458444850627251534c6e387056344f35792b5076355167773550535865566d424246776273383161475a6d426d5a675a6d59475a6d426d5a675a6d59475a6d426d5a675a6d59475a6d426d5a675a6d59475a6d426d5a675a6d59475a6d426d5a675a6d59475a6d426d5a675a6d59475a6d426d5a675a6d59475a6d426d5a675a6d59475a6d426d5a675a6d59475a6d426d5a675a6d59475a6d426d5a675a6d59475a6d426d5a675a6d59475a6d426d5a675a6d59475a6d426d5a675a6d59475a6d426d5a675a6d59475a6d426d5a675a6d59475a6d426d5a676456712f4e552b6e644c354c4f5652486455564f75596a3878413254356b3248726471384466657931507755654f30665379656e554556746141663841445162527050377977566555624472356b313165537135444e497056646d4b6b51725544592b6b72764a6c58393372646c32583563393269505a426b433152685736535162534939523650797142364339625436444e6d4d6856337648694b4a555356644866796a306a35674544314f6930537458642f44496b377063796a5755692f797963525366667733367773734d7a30453638317258435973635270615172796c576b6d2b304f30615665504862667043523150504f69345454344c46784c336b5648784c505772645250744a65444f78476a6b716f733771655642514b314d5648544a5051684e777133675671583667486e2f455238416f6f7879524354394444627a4d30634e46474a4459537a6f5435334c706a6c344266486f6d5371656e71784773413946376a33506d3148494a38316a38614438674e51722b486c37336731476f4b74586135547870506f7a566f676b412b745a5667664f7a6b706a6d38544d656a6d6261646a38676d3558355052707a7768586548305370642f4b7a7370624c4b3355354266446956314364726f4b6836304b63627043644b366c725a385248384654705677726b535a5671324a45696859653579576d7a47566a5039716953514264526a394f336d427534426f5250636156706b446d6d65524a3862717639726c46465648396f54414b4f305a4a50553758364d6475334532306c6d4f7a464e566f4b347059316762456f4e774434394939623231384b7878494e69345856777753516f6e51746450556a6c55516e68574365766f555041766754716d707853456674677879303550434b71424a42543146534f6a314f4763557830657861457672416c64504956707555416c53667a4470654a653276466d7030705652786e69554969496c39653345672b70514874655761616f697261524652547253753475464a4e777077587441694177395641526449547849762b553332395276376e4736595a79695531304d56556b66687270493566346c6f436a394c787a6e63656d536e6953754d4b53756d5556413949336333776d5878325330314e68714f6f4837556f4a5067616d45374c534f49384b774f6c4a54795057434f6230382f534a4651714e4b52364548426133712f346e76306d4c34346c546d75705a2f2b36707243713150325a706f636e4b71584a594f623443615252336c514567784c5069554541395a535338747671623930484d667333744f792b436b58777835576a3778436238355956456a2b6770587366624a346d616e5a655957715475426d5a7875686d5a675a6d59475a6d426d5a675a6d59475a6d426d5a675a6d59475a6d426d5a675a6d59475a6d426d5a675a6d59475a6d426d5a675a6d59475a6d426d5a675a6d59475a6d426d5a675a6d59475a6d426d5a675a6d59475a6d426d5a675a6d59475a6d426d5a675a6d59475a6d426d5a675a6d59475a6d426d5a675a6d59475a6d426d5a675a6d59475a6d426d5a675a6d59475a6d426d5a675a6d59475a6d426d5a675a6d59475a6d426d5a6834714a5934494a4a356c706a696a535672576f32435567584a507166534474443153637a6e4d35724b6f5370534a6c6c644c47726e335366516852362f5239616c5073623935725578772b672f324a53796c4e646e566d6c54776d7854434e35566631624a2f6a665669746f6c5a6a554f4e7755412f435173547a65415362494239647a2f43777471436a58672b797153536f566571713164394f6f38314b4e3544376b48327548306d50724a73646761544871344d6a4a566f7034543143524e6c6e7941394c314f64397273714b6568782b496a4e754f6e6d6d556e71536f6f68523769742b2b775044727a657236764b6c4e365847704e4c546e726c58626a555049574874595a32306a686f6358702f4759796d5277784336306a7151684a34667053386b30434f4771536d3379514a2b6c304642536731427350526a6854476e2b4a58366b68795349706a714a3556636b52692f6b4c6c684663584f4b2f582b5971456d386448416d6e486e365a4c7746704666783362426a527a4a796855543442522f553833646d532b50425a6e4c7235314e524e4b443167635144775432524c372f414c58364158757234396673346c45753578667076503449736e57486270434c4b5550432f766366714639356f36575547396f4632387756427951664d72626f6359536a693055714d644b56672f3169366156414e506a75735053493563566351523457443363624e617571376e61796b48315764524c56476e6e787343666c565872556661412f4e50556b5a477641504a632f325053696b39752f7751576e796b7330782b4568493234742f706363794d364a4f396a6c394b4d493949487076304f787236744d594353624a6a514c2b6f4f4b5a435a526755752b367a78483138672b73644e7734745a76646e657276324a7164474271312f324f764a5654456e3546394b664a797a744f554534695a5174386968366a752b7532764d704a515664465878714956523145636c2b7230742f6338706133314c4a563657676e2b725047446631572b31312b54676d73376434736b5434646136796f724d50724665704d55457171596169586a6a4a3947564845654b4e586752374459764a5750796c46714c46484d304369595a4937464b766d6a5878656b685136464331766538545a74465a6a645131383876456161576f5756672f567572365037394c3239485a6457437a366b64397734374a32524f6d2f6f706b35496c3850796e77506737584874485a47756e71347476756d4a5458525756476d4f30375432656b504446466b4552796e716a574f425875566439376b37704739332b652b76595644456b70756c5842496f4870424a73506f666433736431434e56646c326e632f634664585152716c742f70414f46663841534264626d3131666158463053786d5a306b6f7a4d774d7a4d444d7a417a4d774d7a4d444d7a417a4d774d7a4d444d7a417a4d774d7a4d444d7a417a4d774d7a4d444d7a417a4d774d7a4d444d7a417a4d774d7a4d444d7a417a4d774d7a4d444d7a417a4d774d7a4d444d7a417a4d774d7a4d444d7a417a4d774d7a4d444d7a417a4d774d7a4d444d7a417a4d774d7a4d444d7a417a4d774d7a4d444d7a417a4d774d7a4d444d7a417a4d774d7a4d444d7a417a4d774d7a4d444d7a417a4f4c3972476f566157374f73336e496c424e52543071685433502b4d7230492f3653677736336474577055366f375563684e4649465547495361436e5051536b6e7656657464786671514854646b6d4e56563146546d35452b6c56724a697630526a5a5075332f696350716f7059634654554553314770794d67693469643748356c657a69506d38743465616c303170537079636951696e78314971596a39784e77505751417778463276356c4e5472444d7977486a54535378342b454a504d784a4a56622f414f6f70352f3841753836644744305853784c54655a514d6b71767a53456b7150744a396a3679364c7839526c745430556457444b744e71796f76396157525258592b73703972377261506f5067385a44542f3647494a5069726d57456d787350444746486d70642f594c4238577336305937536d59724c32556d6e556c4a38534c4436585a7752384355492f4b415031754664744655553658686f45483071367143542b366e632f517761536a2b41374a6b714973735561316e784b72712b3134442b3738652b375861526175596b714a66637239627a397153555976736e6c6b4f334253704874542f4b2b767633635a502f414f615647534e354b576533724964374247734e3551332b7549647854736f6e3946306c4b6a2f374e7253527953763658644b4f3438556c313053422b784a78344c2b6b75696d5946713668552b5878736646736965636a314c442b5556576669636d736e6b5a4666303352303161526b554a3474342f69466a7a4d6866714f565846564b42494d6b5a506e632f79503644466937734d4b4e726173764b2f4a392f425671423376623332646171756a6e516d496e653550734241644656317134307252763664722b3138454d7168556b33354976373331536e61386d646f6e3269417a55553435385a556b65704a6375306a562f743373736f374b4335596b464246393767572b6b6539785456594b6841564430544a5a586b515264317659726e5032646b36375431524c77385570564744342f7741746e447959373430552b4d37582b71734a543171563141536c556454456956425053467033487475505938523547686b6f616c654e71775445654a4d536a39423864783669486e584b4749596d536e32487738793437482f524c2f45523750544871654f74655938314f4c54577050444a784a6a6d4a2b71766667576658784a50386667382f466161547630574c523351305535623972614d53695933724b49436c6e7639613236562f77415362657346396c76754735383544736f7263464b75383248794d6941436555636e704a2f704262366b344b524a6d6c74644b616950686c6a567a5249693574374f49504958335239617230683274306448555338474e31424f764854676e5a4d70504643722b76645038626b354d6431646d4f664c76307a426e6e70786d5a675a6d59475a6d426d5a675a6d59475a6d426d5a675a6d59475a6d426d5a675a6d59475a6d426d5a675a6d59475a6d426d5a675a6d59475a6d426d5a675a6d59475a6d426d5a675a6d59475a6d426d5a675a6d59475a6d426d5a675a6d59475a6d426d5a675a6d59475a6d426d5a675a6d59475a6d426d5a675a6d59475a6d426d5a675a6d59475a6d426d5a675a6d59475a6d426d5a675a6d59475a6d426d5a675a6d59475a6d4234472b2b446d534d4e67644c77722f4579465961695649353933454c432f67564b422f6865655831542b386858437437623051453354693858476d3355705a5576364347454378464d6d7631306c4352654c4755774136754e5a2f556e337532375963676e2f4147596f394e777963437370565278796d2f4b464234316b2b4777656a32624c514b4849356551324656554c6b346a305270394565346539776a582b576c792b645569496e6a6c69464a546766563733356a3569502f4d4745392b377a692f32746e6a6c6c5266687a53717151434f55535477784a39646837483274302f45445449587a4331382b7344703972777a324e34704f4b30774a496b424d745555785132483152364b6666784635797055707059344945386f347750642f497773552f6d3879385964704e554b2f572b4f78435263556b4a6b56357148386f65546c6252385054772b3876456b42466632725a6d714a756d496d4d65514b522f77734c5474746e2b47374936354b546138594138687338462f647554786471474c4a502f6b55792f5951486c623778316433505a59694f396a4f6c413971695869763774704a37554d51672f384171465550656b68364f4f4e6361794333356b4f34514e35492f7742777655682f396a7a333541722b3137434648766f52317056396a3449306b347570534f6e6965636e6453717159525a695863693365442b6b58636f736d66672f3833414c69756f46716a7a4e5367374876564a2f706c79474770537171576b6b584943622b702f5663623871475a6b2b7158697670776f49747a4c4970646c4b7475596e75314b517161772b7167506170345051555644366c6e4c4f4d695547314c513935516b574e30674b487444786671326c71735a6e453553694237364a6645415072644e7658596a32504f6d597041716c47334e566e424e6234784b77706155376857327a70357365306b532b30326f61584b30314a574958785135476a556c512f316b5a34376566435a4236792b53474e466653726f4a2b466678414d4337386c4c4e7744363545662f726c34397771704b437571734f506c6b56385a51333543524f366b2f774151763753354269386a3330525647753137464a366a736d2f756956366938337333625362656f51764c785359334a533334753834727176384157576a652f77444567372b4b533953726a58486a5a4b696e6b56484a4656393548496b3770556e684955504547786439326d45564e574d6c456d776e435a43423047784e7639346e3168366b564f4a644d4a5542666a4b392f562f2b792f59724f70724a7631666f56324a617754726e7377776d6f314650784d394f45566152395764486f79442b73436649687a4e39572f7546616750776d6f4e4b53796b684a6a794e4d676e594251344a4c657349507266615235396f314f6c694a33417a4d2b586f7a4d774d7a4d444d7a417a4d774d7a4d444d7a417a4d774d7a4d444d7a417a4d774d7a4d444d7a417a4d774d7a4d444d7a417a4d774d7a4d444d7a417a4d774d7a4d444d7a417a4d774d7a4d444d7a417a4d774d7a4d444d7a417a4d774d7a4d444d7a417a4d774d7a4d444d7a417a4d774d7a4d444d7a417a4d774d7a4d444d7a417a4d774d7a4d444d7a417a4d774d7a4d444d7a417a4d774d7a4d444d7a417a4d774d7a4d48512b6a3362466d4654396f75766373464658637a7267694a2f316152476b65305076432f7a3631597634367679504341426b4d36726933763650657257642f4a4c43786b57614453654e7769463843366849544b6f66566a516e695766373954696d6a4b57544f61384330704a464f4f49446f3732513744314a3442366e5935797642782b527a437a2b434566435533376c79566b6564724f54666439777934556a4931434c79714a6e57535072626e2b2f6b773743364a6f6b43766f71534966673063642f594f425076346935386739396b7545664c79392f77442b7934746f4f44754b65717156664d563849506767572b6d376b754950465879582b716765302f334c4332557538683846443362764447694a2b387a656f4b676a634356647a316d5254792f336e3461316543316577463456374f31435a4f58554f63745846436657733359564833724b2f75734c694d514f6664524c56366758445075374b344f317642704a334e4e554a39714c2f5937503730637170745a7855774e7846526f32395838727175774957375a734d4f5154464d66364a483276566975754c4b724d37797534634a764a546e393465352f614d42564c4d6e394e51664842383048684952394c35614162314b5030336c4c5470707235496831686b6f6b386b567167506158793471517a35424a4275656a7a4a732b6274567046556d73736968615346476f5572326b766930616b4c7255724939464a7554344a442b7134666d6b4d7a4c3955704e456e6a6e6e413546595148647a513930677036537268447163474f39713070472f70385a39726b553641756f6a485263724c753272747845714c4977697955486f4f37682b70345171495848546633756356796b6c52562b637149387551635a7a394d535649492b564b622b62725870766154624357746f54514b704d6b69345854544664783141372b363734597030306d626e70722f67796e7649795079714852375237484b6462304b5a63555571462f78466a31473778314c4a4963506a716f6b6d576d55716d6b503770323978487365546e723258545638777673786573784d7353766e6955626576662f414450377039416d3064416f394d796b2b3868363845365a56415839476446722b4c32394b4c43384e573042466c51564b7051503056674836515837505866336835436366646179717348327a34425257557856786b6f4a514f6e76456e68422f6a536c3939412f7a65774e6372436170782b57526450774f51677168627154496c5239774c2f534243677041556b3342334265626e6a566c716b2b48316d5a774f786d5a675a6d59475a6d426d5a675a6d59475a6d426d5a675a6d59475a6d426d5a675a6d59475a6d426d5a675a6d59475a6d426d5a675a6d59475a6d426d5a675a6d59475a6d426d5a675a6d59475a6d426d5a675a6d59475a6d426d5a675a6d59475a6d426d5a675a6d59475a6d426d5a675a6d59475a6d426d5a675a6d59475a6d426d5a675a6d59475a6d426d5a675a6d59475a6d426d5a675a6d59475a6d426d5a675a6d596347516c564451564579526453496c4b473139774365542f4f69726e6d6b474e703479424e4a4a4e495042525345412b726a5566552f305872304b6b6f5a3430664d714e51486d51583041304a69465a48564971716e2f414a4e6a716339353158346a6632374431734e4c57394d6b49774f6d594166544b56794a366263392f556e2b6b3834646d2b4d5454593143516b44695568502f4142483344337645476c346c3669375161334b7943384d4b7a44456567644b69504941423968734453696d6f346b384e6c424b6c45654a444364616654336545514c5734742f615861344865707256395567515055486f30635a696f61654b2f536b657837756e762b5331456c396c53794b42387a594d4e7053794b472f5433636e327643485a5a5541314d73562f6d7936516656657a7a53466667784950316f6c3339727744326454397a714f75682b72486b444c6639304b5952667475712f6a653069573534674959556e316e2b52386e59516c4b6532504779452f38416b7374764d71446a47736167316e61466b4642524953704976354a2f6c63693745354f44746578687673714b554431464c32386c64634e547250384164647634506e6a542b6e63506c6f7a2f414732724851436c38555730744f65745368394c3571542f414a5a552b4a5358694c6a72443934716e52447269714b5532346943665a64787a52396f4d5850564b4e7651735057356e39364b6e4b4e596951442b647055714876483250486b4d356877744e536f357a79372b5166307674317434345a32654e586c4f744c48676737346936354c684c7536355a52547a7151647952476e37585136666b534678526a644b4137325250463355522b72365a38793961454d4b797169377a4a4a7030332f4451685074334c7138355a565455486e63632f585a7947676a456c64563150503072412b546f637142616466576f4a487463646f64776747715941756841742f694b654a5a49624c796c4172704b5a3065384837486d3756564e33644a3359324b59776f2b6169385335716e377655394c5957453656516e7a494a4876447965565835516c704b6c783070565258504f4a5976354632326d5a4f37314f59535277316b4b6b2f774151394966517232756d7045397a6b56777139464d6c30472f516568374b5a54535639425647344e504f6e693872372b3530346e342f736c31355832586941694b742f536a556858734e7665482b69576a4b6756656b4d5056446c4e5151534430723834306e6e3076382f77444d7744755a3039434a76364b782b74393575784f65536f3749644a797938504763525467324668736744374855354d6445324e4d475a6e5653444d7a417a4d774d7a4d444d7a417a4d774d7a4d444d7a417a4d774d7a4d444d7a417a4d774d7a4d444d7a417a4d774d7a4d444d7a417a4d774d7a4d444d7a417a4d774d7a4d444d7a417a4d774d7a4d444d7a417a4d774d7a4d444d7a417a4d774d7a4d444d7a417a4d774d7a4d444d7a417a4d774d7a4d444d7a417a4d774d7a4d444d7a417a4d774d7a4d444d7a417a4d774d7a4d444d7a417a4d774d7a4d444d7a417a4d772b486b512b6b5877456d6e4e415a79646645696f6d71706b6b6b574a4356715342376958334c315a6b4469744d5a544a425843716d704a5a556e39494a4a4876732b6e58616c784443346a5438536971576f58476c6657564b4f352b6b734e7a73587750633063484569366c4a456b68367972306a394b586d6e46514352534f6f6e33582f414a48452b7a796c516a467a3145594151705368482b3644596534427a7242522f68726b743876366d4568516e305541665653532b58547972594b4a522b73693539723441736f6f3172505075722b346c383249506436657054622f4141556e334d506c5376683767332f386e58396a36373653714577356e507a6b324564544b6d78362b452f726659444a4c536c49763953426673732b7346505769436b314c4f447a794539765541412f6139586b6f5a51546d747a5753725476787a4b4938726d3330427a4873714a693757634b552f36784a2f717548364e6a74424a4d526450455658747a7473506535313258525737524d53736a30754b512b726873392f4e5858445571666d753336746a546e2f576b506b7064713655666d4830506a5038414e772b456f663246583973506753432f6e3135672f7743395a54706972735858572b654a53464733555868574358764b314b75614b6550627a4c3744666571706776536444555733544d556b395174663748317a6f6945783737412b6d6f39665548394237564f365443687959315a504e4979475363333243553355355654724375386d4a3243564c506742793937694f6e50374c6a556b6e3857633333366e494b565331597556642f5371705242462b366e64522b6837572f437443777834377244726d4973536b71395a6441755076356f595230714b6c655132636779796854596e75516467426638415536756a523364444c5745623850416a7a666c6e63496c7173436461776b66504a596551394566613852363652334e544856494738465346672b4155387835574d4a544a4f643077433438787350666376474775364d47686e4235705142367938766c52345330366f6c71616d46506c565370486f4c496b486c666633455078583035714b556d2f704b54756630687a396f3364766d347856344b687172656b454a4376586450366e705938475369556e36794c4b4871356a326651364e342b55783930745a384c6f564878654245352b61576c5146483949433439344c373064684a347578765352363854542f35412b686c497349774e6442794d4561795056365150734a663641646b31456e48396d476d4b4e504b4c45307735333337744a4f2f72644c6b54305434306e5a6d6456494d7a4d444d7a417a4d774d7a4d444d7a417a4d774d7a4d444d7a417a4d774d7a4d444d7a417a4d774d7a4d444d7a417a4d774d7a4d444d7a417a4d774d7a4d444d7a417a4d774d7a4d444d7a417a4d774d7a4d444d7a417a4d774d7a4d444d7a417a4d774d7a4d444d7a417a4d774d7a4d444d7a417a4d774d7a4d444d7a417a4d774d7a4d444d7a417a4d774d7a4d444d7a417a4d774d7a4d444d7a417a4d774d7a4d444d7a4341397675515451396d31564556634a726169436c422f656b42562f5253703959637a477649646f574d535466753655314a2f523256623643382f6665676b343950594768346c417a5a554b3247336f785364507265454d48476176582b646c4139476c7034365648685a49762f6d4c444b756d61564e4c6736536c514c4a377047336e7639446c324e514559715259487a4837624f6a78305237784b4f51514c2b6f4377636778342f3650516a717466326c6876567045574c6c5554617743523433467674664e63523471474962634b45707436725067794365386f30514436797770516675662b6545593558466d47686e5645513161776555456c76372b7039527378576d4c475a6d4a4a394b544979414472765a397538326b4367726a306943543643583079716c4b7163374853582f6e4b356379683442492b327a37787875305138744f6f582b4570425459714b494463376e314439626c2f5a4a46332f61585267636f6156636e2b55666134394b4167526f5430424939726c3359596c4b2b303556782f7743533841763472542b702f5238364f336936554d4d37797530536a77784938467066774867724a41656b334874666961356a5859387042376e387246327973434c2f41444a3339722b5a61434766654c70506939413241767754412b347671374567476f6a69765a417478655166634c7451706b316569617042546668494f2f7366554f7651494b6c61646876777661396f743574436e79343653757161726b6c71516c424a4a4154476b654c7942546f54485555744d6e354b57494a383148636c3434306862343253766b46307767715144797679446b4d6d516c6d37326d676b394e5730692b6f644c33742b4e71634c484a567879465a334542346f30717463636c4b50366e7435566161656c52546f7477786762645a2f35336f615a6a51717455714d6568434c447856306c37537838546b5646573649765356346b636d6d4e76596c5235794c753661436a5873705a4d3070384230504875746f69714a635a48704b5478483376492b552f744e5974522b75734948676850503333634531534f2b6d714a626569593146506b4151507464446b52754574554e78535069744d694d644865522b73414b543942645a6969714b7257436d2b7857423132356a3248334f353074456f523131482b57534e592f6953704a2b783666423850562f4567667a4b30796b666f6e5a5139696a3748527648697370617a3168345854722b4e585451335761754d30695150724b5550772f61465766365134756e464a6a71616c54796869524750345142396a2f414435784d3150694e55347249314d4b4a36616b726f5a6c49567949696b53736630666f6636467753496c68544c456f4c517449556c51354548634635764b6a566f57636652375a6d645a494d7a4d444d7a417a4d774d7a4d444d7a417a4d774d7a4d444d7a417a4d774d7a4d444d7a417a4d774d7a4d444d7a417a4d774d7a4d444d7a417a4d774d7a4d444d7a417a4d774d7a4d444d7a417a4d774d7a4d444d7a417a4d774d7a4d444d7a417a4d774d7a4d444d7a417a4d774d7a4d444d7a417a4d774d7a4d444d7a417a4d774d7a4d444d7a417a4d774d7a4d444d7a417a4d774d7a4d444d7a417a4d774d7a4d444d7a44422f774236476f4b636e704b6e4156776d53706c4f2b32776a534e757630693856396d684575724e564b4f344f534b666f4832504c48336d36644b736a704f63713337366f6a7435684276384130586958736753563562554d68473875595750662f49777a5a524a754a46446d525a32314a364d63696570516458696a666672753765416253654e6d47796e30366b64566e3976785470507161482b6439542b4a50347157476c714d33785753554e694b65573339557670706755476f3158587a2f567034676b66764c50384149483341316650334f6c63704b542f67535839594c366c3647694b735a50573831566c564a4c6639424e30702b68322b4654757a51697a54716b70494c4b435a4f745255422b694e6839446b66596250336661745270364a377033366b70556f2f51364f6e6834366b7762384b45706a2f573544324c5164373278305a41326970716d582f682b31377675502f6a715744387832674f394d56666d6b4a65726b464b476f4b51672b6955442f41445062746169694857626539362b564b5556744366724c6b41486b483875306e5071614c76744d35434f312f77414e52396d3736583670575535536447327979414f726439337173413056536b69344d5a2b67766f317132666a3158585741345556436837793958326e387956586c665443777071705650525255464f4f4b6555677149364f70334a563846516d4a42757457312b6b6b3879364441516c56576d56524e794c373941636877734a796559536b62787056776a78363339447661676c4f49672f5a75433735517374536475733366755650775645424a764e4c36616839413972325a754371796b46496e2b59682f456b2f64534c2f414e2f4e38465556543176664c467941565738656a365832396854314d52454d69314830676e7577664652756f2b78776e505263535a4342594b4153423143396e6b484b4a74416949623358756575334e78484a524253794f67634a392f384149366d614e704b79676d456a344d335652676272706766576b332b78737852706a79706949736952536f566553726766356739724870436454322f4d686166632b665638525257314b303830454c487173723748517647386153732f4a5131494d6d4a524973457153684b6c6561665256376e3366374173307650646b4f6e71325a66484e48532f44536e704b6f695979543538495072665336534958716f72656a783934503356697839396e32572b355a6c5069657a6a49347052757567794b7265435a454a555036515538376c783469566e46506c6e566d5a3055347a4d774d7a4d444d7a417a4d774d7a4d444d7a417a4d774d7a4d444d7a417a4d774d7a4d444d7a417a4d774d7a4d444d7a417a4d774d7a4d444d7a417a4d774d7a4d444d7a417a4d774d7a4d444d7a417a4d774d7a4d444d7a417a4d774d7a4d444d7a417a4d774d7a4d444d7a417a4d774d7a4d444d7a417a4d774d7a4d444d7a417a4d774d7a4d444d7a417a4d774d7a4d444d7a417a4d774d7a4d444d7a417a4d774d7a4d4d512f6555702b4f48533952777150643542614c3941346f6a2f3649654775783156736c6d6a2f3937797148736565507646783330565131504463302b577031453276594b346b48792b595041485a52494963706d3446624c546c4a69666462334d4d3334636a6852354f36702f6c6444685658516e7a643145766842384e677733616333394c7766775734722b4e6e38437541425068752b4e53374a4a36726c684375327a4a6a46646c7563712b4b7968546c4b66456b6c3447306a536644594f6770547a6a68536c5238514266333854794e3935764963576e735670314a757649317144494c2f7743476a306c66525a7762462b684475506c6a75664d2f38373166624b2f4b624b33496e787076552f3449564f726d62727435437739376c585968456c4861346d334d5970642f4d725353347457575441454870556848766375374442667456717966713430443139344c765239786e2f72797234507a49646a6c6a2b7978666f7244317376544b6c4e4a554a5541594a527431334c32355038416b3448556f50375541476d41505173462f4d7446735471394167626c5353414830623158525351363579744a4a626952574c347437394a4c3775534c39424276794c3664646f555064396f326250313131436c71506d6631505739716e5635564f58394d4b32477056476c53492f353251384b62644163333066416d6b67584d6f377052776a3753345868593079562f654b46776e35584f714566324c6748496a66317665724c506d56316a527730636b366a2b4a5562452b484d2f592f4b44764a4a2b5859656235435248416d4d485a4b516e396234355051703067394a3469354a6b6956645848694b72644134523575505a474d42637836674335417663416e704a644c6b554570715657354144365858794a4b73646f764671636676572f6f683357706f51717556636253524a763948304f7079534f373148457672434437724f513539415759694f6f7050737536502b45782b4b57507152654e42563341504f536c344435704a2f5538322f63686e4b612f56394a776d31715753392b6d386f746231764463694f43534f772b536f6b51504932503045764a33334d61674937547454306531704d616951622f6c6d49356678504e3550304c5750713758737a505057426d5a675a6d59475a6d426d5a675a6d59475a6d426d5a675a6d59475a6d426d5a675a6d59475a6d426d5a675a6d59475a6d426d5a675a6d59475a6d426d5a675a6d59475a6d426d5a675a6d59475a6d426d5a675a6d59475a6d426d5a675a6d59475a6d426d5a675a6d59475a6d426d5a675a6d59475a6d426d5a675a6d59475a6d426d5a675a6d59475a6d426d5a675a6d59475a6d426d5a675a6d59475a6d426d5a675a6d59517274796f5457396c7561434538556c50456d715235784c432f6f5358316230764c384e72584e4a53624a6b7255544a50576c6361446439304d7452783548465665506d2f6d366d46634b2f4a535344394c365277787a3437575361576f754a5577696e6c422f5044497150364f46686e7a543152336c4e47726b535665346b66593546544462694a32414a4c68656c35754f6b6973667a663569356444494f375544797341667059624b5a437155336642587a384d567232756265727066464450784c49506d3435717a4d706f34616964533749695362656244442f6172576e4d39703951734b76446a6f55553051766638526479666350652b47434f305369506c4d7155656f482b52306d496d5857563056644c6372724b69577256666e776e5a4a507143584a4b564937756e6a50535449727741472f764c332b46547470436a6d6e63756556486531644d676747386755584c76752f786439326f5a755544304971574e42505553753769305a416c524d64694153505935373932536b42724e515a493739375764306c5837715266336c396535323169695078633861506d7a717638722b314f314c36772b4e617654413848367251563436554a3567584871667a7a516346537579516d2f532b724862525271704f30764a48613038535a552b385073315854676d4d332b644353384266654c70315261727874596b656a4f67786b765334453975535078564f5447366f4e68496a33677459416653357069306d566353416652423338584471556d4649516b45456d786376776137534a534e69456352384876306c6e5375542b4973413869753371443831697677742b6b7637526b4b435665426642574b4a6a53507a667975535a6577313167424b4e7437665336624b473148554b36313264374b41564a4676373264486c4567304372394b795334636e524a57504c487571767771794b623876435059586535575a436b7173666c456367386a6346782f5736694b6c53516671416a7a75487331696c6d49574a5038415a666f336450306d4575764d506c5a5a4b316a7171683767456c35412b35716b4c3758732f4a315959652b564478336c6c5770705a552f36587652367967764a48334d4571506176716851535369504670527864415066374433653535764a2b6d567648316473325a6e6e4a786d5a675a6d59475a6d426d5a675a6d59475a6d426d5a675a6d59475a6d426d5a675a6d59475a6d426d5a675a6d59475a6d426d5a675a6d59475a6d426d5a675a6d59475a6d426d5a675a6d59475a6d426d5a675a6d59475a6d426d5a675a6d59475a6d426d5a675a6d59475a6d426d5a675a6d59475a6d426d5a675a6d59475a6d426d5a675a6d59475a6d426d5a675a6d59475a6d426d5a675a6d59475a6d426d5a675a6d594831482b38426a50324632774b6d34654743746c5456526d332b6b545a592f72786b2b74397431454a535645674144636e6f663538647133614c4e725874647a2b586a71444a696f4a4530324e5466595177714e6c44393838617634672b717874354d733861507166774954666d6275584c71754746566a75545a347530426b6b79592b6d5546583470416b472f6e2b707a4e6462754c6e61373565724b4849694b4b6f6c57547354772b513248744c7858327635575134614c467853666a35435467754f6850316a374c75595674554252777770554371556c523868763972784c71484949796d6f5a4b346d384d4b6a42423541384a4938794a484a6970333369484e703147334e68496b6864524945674969536d4a4136674276394c756f55326855447a45615566316a637654786b4a526a30527148707249347a3471504772335744333453567870574c2f6954452b6f636e394a534f33554b48585a5647304d717962424973486d443775394561545131424b6f656e577953564b764a5369666f73384a35366f3776443153786535437a747a36515073665a58515646486a7354515935412f354c526f5235575342394c7a76644c2b61315463614f737053765a594c396f582f5a31486f3344344a6c372b516670666f304236375049573061796c51416d6e435645656b55652f5a34302b38545438576c73626b4f472f63564975656f467a47736e4d676c516b2b6c47736c3176614453707a765a546c4c44696b68515a4532364f48643648486e7437624b2b574e784c42304b37524a6b34766d6e3665674f52595a616a425554416e694a734c3954694e484d4a635169516442536f2f513552675a423848496e794a39622b6772355a30776b4e4650616b69323662462b4a3562312f646a6b684431616155496a516733324846373334524e6649797236416b467979396947354d6f684b6c2b6f4f6a7a556846476932774a566433465171314b6e6665344a39726a75566b76536b4836716c4f484a306431514457713771536238304a4876646c4e596d4d6367596c672f31542b70307571466952635136776e3658625661694a754471675752374642307439557672446879717638416f77487252486632443954793339782b6c564c7154576d53394c68536d6d6842767475755258324234657a4b762b69743976374f672f3053382f384133484b5068306a71624a6c4e6a55355952413235694f4a505435714c7a655450786c5a783958595a6d5a3536635a6d59475a6d426d5a675a6d59475a6d426d5a675a6d59475a6d426d5a675a6d59475a6d426d5a675a6d59475a6d426d5a675a6d59475a6d426d5a675a6d59475a6d426d5a675a6d59475a6d426d5a675a6d59475a6d426d5a675a6d59475a6d426d5a675a6d59475a6d426d5a675a6d59475a6d426d5a675a6d59475a6d426d5a675a6d59475a6d426d5a675a6d59475a6d426d5a675a6d59475a6d426d5a675a6d59475a6d474b7676563678566f37735a7973314e4c3365517959474f6f7944754679676853682b36674c506e5a39424d41684d45386478614f34537277447a2f392f485650375337516350704b6e57544668715834716f412f3030783242386b4a422f6a65446143464a57744976767543375743766848655756757a584a717030496f35466277314974763063422f55386d543164715764514f36456b6575333872776470796377314644564132377851686b2f654150436659535055387052566f5853796353682b4a4e37722f7153344d6c6532307737724f34612b7363314c52556c51716d426b7145307961656e6a484e553068736b44787662327543556353455a47484778796435464176754f4f2f77412f646979312b745847665735466a424e6b7452533170336878464e4e6b3139526b43464a674839623076345846745070376d6f67424e79696d4e6a316b67432f30753377617833626c446e6e7870505937643046645343732b5a3565367a353044755551492f4968537a34622f414d686576532f6979534a2f534366372b6f506e726c424d64564c30496934522f663176626a7a4f315350454b584a4b45786f715334744e5555385a4858785449422b3139714e4c4c4a4e644d65695152703951763972366f304a4e54712f546c4e63677a5a576c53664a4b754d2f3558327830386752342b57334e63796c4733392f423433754e743556726a787171315771353879412b577557455931537630532b4648706348724c3438777532436b574461794338395959327071726a79307734687771462f5937444179706c6f636e6a566b464d305377505951346a69367a2b3130366c665857704a50727337536e71653472436f5875445a36654b6e6453595179774a514b4d4b736c6a6a65384569306934736469354e7075586970316d2f4f4e4a6464326a5552784861426b44476e384772534a3057354869467a39722b36587150524b62376432523743396a6a3333574e714634314b54716c41587764614c65392b554b34424d727055744b51394d5363553348665970413937355a705053534f674c4b76585a324a6c7933716963534c5341646b62716364796b332f523951752f316a3944336b54634e504b5366534e722b3875677a4d76426a564a4a3567714c677954346431516e4e5364355851785836596b2b306c79437656624c526a6f56436f65306c7869412f453669703038775a302f30522f4b354458486a72345a416474775036716a396a706433695a533638745855424363576d4f2f4f6e516e3167483954376266644f7848374b37443850497050444a6b5653317978622f534c50442f5243583142314c48553138314c693646426b7161715a4650416763314c5765464939716e2b67476b73556a4261587865466a346543686f3471636350493843416d2f756558795a365174593457624d7a714a526d5a675a6d59475a6d426d5a675a6d59475a6d426d5a675a6d59475a6d426d5a675a6d59475a6d426d5a675a6d59475a6d426d5a675a6d59475a6d426d5a675a6d59475a6d426d5a675a6d59475a6d426d5a675a6d59475a6d426d5a675a6d59475a6d426d5a675a6d59475a6d426d5a675a6d59475a6d426d5a675a6d59475a6d426d5a675a6d59475a6d426d5a675a6d59475a6d426d5a675a6d59475a6d426d5a67626f5a782f744a7a42302f326661677a61545a64446a5a353066764a6a55552b2b7a4438372b314c4d66375464712b714d34464b6b6a71386c4d49535466384e43754248394649656e69426463642b642b4575717861536d474e61376c56777052367a6666365864554b436c5a4142466a66324636474b4e5167744b31346a543074475162453171546272484371376d314c567156524a394b336f6c5850704c785055356c4e666e307930784a6f61503045482f534b507a4b2b77504b4769715247706170464253536855455942713170356f522b543935584c7746793665573364655a53306a554a766f58474b69304a6b3674614c53354f4b616333473469544755786a32622b7434397873492f6155513558534532396a7a34614d5234796f6753674a4837506c736b4459446b50634868576b706c49794561726242592b774f7a785a306979776b6d4452646338704f786c5752366a776a364877366857593864554a76764a5a49396233635a475938644831713453665876394a6462714c306c7852382f5334794f76665a362b4f3368567444573052546d703757394d5241584563303151664a45524139366e3271705345556b674831537039644f78576a2b493757444d734570704d65556a6236306b672b784c374377456d4b644236567645356475374c4b37696a56567247625138585345505831444b594e4e544c484e4b52394c39524c2f414172646467395857522f2b793159416248756936304a4742366971565378797253627170716c4d6c76304647333068794f706d53715a4d3053726f6b514670506d38655656524b71656e6d6c556547564b7165587a346952396a6b654f725372464948482b4a5447796b6e7044334d4e4e525756574c376d595550613754716e704b4c496f5353714f385a506865342b317850546b34524d626d7749507665537376546f794f486e6f31472f654171695036584d42346b69347157715841713654657776304632386677744b484c48716c636458736d35333265777558307233747a56396a6f614a5a6b6d6a763841574135656273367053674a7545374a53456a3653357075696948496d597170355a5364696f323875583633483952544656444d76725043486356414d654f696a504d3833525a305778346a3654636e7a4a64664c66776b72486c484e4f70483766675571336f38617a34624f39556f4a6c6f2b3855414175796965766750384136547163474552564e52555347316b464342306b6d2f3633775a537675727653624a5255796c506741626659364d332b4b614b2b577868396455576b65306642352b726f455a4344477a4352564f7154674b31424a414b54304b462b49583275412b37765a31327561413133547848426167706856724739445571454e536b3958416f372b61626a7866357635744b6169525878455a43314b4a42567974344f72545454553677594a464378756c4a3348712f6b64612f48766b2b554a49795258772f57396e2b62505a39323664706d696537686f4d7a5556644847662b5231712f6949694f6f425a34302f777144374f396c2f337364465a2b4a4e4c72436e6e3074586849764c496b79306b682f52576d3554354b48724c7257773372364a49764575784c4f74302f6e384a71436a465a67737651354f6e4948346c4c4f6d5649382b456d3372646b346e597a4d774d7a4d444d34443272397347684f7a5342482b3032577457794a346f61436d52337454494f766748796a78555150466f6a596e7a507062714c373565704a367963616130626a4b576b76614665526e584a4952316c4b436c4950674362645a6358692b39583276476f37307a3664556a69763352787175473356634c7637334e586a354c644963546b72487137394d2b696c4a393848744d70707231754230315578323343495a6b482f654f545558333073676c4b56566e5a3548496b704870513549704250547a51646e356244654a314d4558724c754b31333049316e393572745231505553497846525436596f46624a6a6f3477756133575a56676d2f376f5334522f745a7279706b584c4e7272553670466e69557239707a376e314b64764637626d79527446626b30682b6c31777a2f4f6a43646f2f616c68724448362f774134416e6349714b6a76302b79554b632f3070393537744c77306f476f614c463669706475493931384c4e627755693666616c722b3263696e6e573374655253665633595a346c374c5076416145317a4a485171714a4d466c566e685452354570534a44315279413843764b345067357a6d3963364e77744b7570793271634c5252526d796a4e585270333672587666776447315a724f70684e45785052495765434e64666570374d3844547254684a367655395a796a6a6f5969694971366a4b7341657449552b7675732b326a74543751494a3031475454706e427a585238486a4155726b536671716c5070724a484f78535042387658626e57336250326136516c6c70387a71756846584550537061596d6f6d4236696d4f2f4436374f434b2b39566f4a63617061624236706c6942484449716a6a69536f645934704166632b713142673852683645566c644741456d3649755a55723756645a35422b366643564f665638626b557070364f31347166634a43667a4c36373941395a596473635a393662736f71556e347175795750554459706d6f7975336a654d7144794c7033744a304671434a456d4831666861726a414b554372516c663952524367664168394849735454525144396e554d48646762547a4a34552b61514f6836466470366a7246663268457464496641526f486b4e3148334d50306351744b304261464253564334494e77583966353436637a4f7364457142307871367378434151723456433153784b7431784c4b6b2b34504d656776765135756b564854613830326d70705151463550476a753141666d56436f6b482b4651386d4861746e553653314a673956344f444e36657956506b61436358524e4371347630676a6d6c51365162454f3259475a6d426d5a675a6d59475a6d426d5a675a6d59475a6d426d5a675a6d59475a6d426d5a675a6d59475a6d426d5a675a6d59475a6d426d5a675a6d59475a6d426d5a675a6d59475a6d426d5a675a6d59475a6d426d5a675a6d59475a6d426d5a675a6d59475a6d426d5a675a6d59475a6d426d5a67654e66765256533654734131664b6771436c5550646247337a7253672f356e6b70346c2b393954726e2b37337154674e75374650497278417145586673645230506f55336a3462626368394c344e52354a555566374f706c487670682b496f665551656a7a4f2f71666f314d644651795479665674776a3879723742364f6e365664624f71746e394a5335535648324f33612b7136684645626c596151774f51796b794949564a7036596b47535836772f64485738333655784e506871524546476778705264584546656b6f394b69656b6d7a6f7445592b4f4741464b52364975484c4b4f4e59517338524844467676794a6453657156656e5035616a6f366c5878536c684f507477796a69472f45664e346d6f4e58314a6c535a714b425a347258536f702f5738695a387a44465a414a414a2b463451384c556b705355336947306976446b485a342f7168794d6e786178707a4445685642496b63512b5751486b442b703639567166487a31653846534265773253655872634652574a4863416f56736b486e3576346d746a54424e4d5571416a515436336f526656554d31334c4f2f59426b38564c6c386e6c544b754d5354434a48484752364b504c7875383234327270366c4b3151547879335866305641767270325052496f644f514a49556c5a514672322b7372632f533574525667435170456c6956633732504e3439353772544b33574e52706d614a583466547a443139583258707970515263464e6e6a6d6a7a325270342f773675577736464869487665396e645856687774516d5245432f5133756b6a36487a4431696d70672b4a4e56544a48436f724b342f416a2f6d6646444a4959784d6b6c4a6c5355723846446d36654c55366855517a476b5236533152714957646a653654796532724e7843655349306643696f486549744a7956306a6c31766478336a74694a554a69596e612b7874557330666479457134666c505551347871334749716369756f68547764366e694e7568585339756d31444647736f2b4443564b324e3550354871566d6f434a436a34534c59375857584c6138533933745659666a6a6e454d757930456c3230536975696b555236536c467872556d51724f44763652454d6167626979626e3375504a7a3251714b6378564653744942354138495073634d355a6a77647249575872614f6e69437070304a34552f4b4464573367344a7150554a6b70676d6c6a344c6e356c626b757571717764326f4a4a55534c654633523543557948674b74674f53664677354d6d34643171747348554b544678714a584a4976694a50384166776642784b71554a68334b59795a4a6a3141713242387a3972312f69506834516c487a4936423441666158733069303074476d6a6b52777a4b56336b6b67334a5067656b446c5a38347166715830397450625861756e694d695374517346452b584e36456b43347268435152306f5679506c31663332642f484433634d614a414568597550794b2f55587853556733414238556b626a39596578586a3930654653623655535a7151656a4d4a4b5a58694f4a42397636337a7070493555385553344a42344a422b6c3763754f4b6864504c326831382b4a4d5a4b7845714d2f6e694a483050326364363959332f442f414f6677496d5075326362553562415a42475277745a5559757351626f6e6f353130362f6144592b524266596273612b39646d4d5a5046694f306d4257546f72685037567034676d6f6848584c476e615144704b51466542665776766368544145537071497a746154596e79554e6a363245384e516b704354464f6b6979564378467a2f4148354f6a6d77347373367447702f31367071587658703566716e6763766a4d37694b624c34617670362b67716b4353436f67574649576b395248306442645a724858476b6448774362552b6f736269676f58536d6f6e43567248364b506d5636672f7a7330337248744530526736716c3076715771782b4e72314255347067425a51324b303342344664424b62452b70306e647a31315a4a58354770714b2b736c50464a505049567257664653695358547037586b76656137384a72636d4b7875596434636e39366273696f314c54466c636e57384b7241302b4e6c495634677143646e35786633714f794f73714578545a484b304b56473365564f4e6b4342356c50465a394d59614f565350776f624439424b6670496679576757522b4a4d6b4566564e51464832446b3773657962395a51547a64656a732f32392f6573774f497879734c3262565565597a4654482f3752434361656b42484d582f6e4a423157345230333550706a4a50575a664a7a354449316b395a575645685850504f73726b6b55656b6b376b7538714d6278314141414b6743515151587230564a4c6a3469715a41672f4d705a41506c753473664372677954573876625a3579563357484e6a7362734643432f365337666137754b676d4d66387a44627743585166746a6d696a67584f7364504a50744c2b72716336744e79696d514f67456c366d504c78362b4b784d2f7443724e63733966367436757870332f415742316741763170696b6a4e61716a6d6876464962677149466a354f6b6e72636b67384d3053566a7045636c767044334e5035754769724255717846564e4b67624b584b6b70536575777464312b546d777a4578465a2f6b37785579524f39782f4e4a3872706953685361696c68456b512b5a4a56636a784867394b4651534e3051672b463376526470744551714765676e4a4779683364775065394f7331506736705848466971394d684f35694355672b307554682b34307258747647336d666a576d64316c7a527a4a546663416542323934664c784957506c5172794e69362b484f3071556b44455a4866704e536a39543566327a6a6c6f345a714c4b5265506478796a3651586f2f384149594a36785038414b5545594d6b663776465a52517234726a7579667a43312f587939726947637771715a5a6d6769547a7555384e7657484e61645648566a676f63725347582f51564846547239697267765379734539494f377136535345486b62585172794932507173366d664878655848786d4e70715879347573496e687133676e43316b7149394866366f3667386859664b5538716669705a41694f4a504445676232367a356c343779564d684d786c674933356a6b357a3252597544503155754e6b6c376d70734652465736566542667a334a346b343937394768697939793978464f764e354e4e545743364544384f49386b493676587a4a39546c4b596b31705771525246424164787937356656356462743464445a66443073365a715253697579544967585345387a59395435714c444a6b37694f565368544948455532493475767a6565734b79436b6d724547716e4968705162494e7566676b644c33494d4975574d6c492b4767504d2f5858356c79474f6c764a3338384e78474f474746493946412f572f5536696b686369654b512f4b6e715955304f6e4b4f4e42564846485943366c4c4470645159796e4d4367714f79456939694c483139586c7a633443316d4d3934674467334e755366316c3650374a5857314848557034496b656c77486e362f45734d5a59476256756c73782b324e4a3561727773792b614b636a686d482b73516270575041672b623745396c58336c7350567849785061496c4f46794d58444763696c424e4a554b35584e726d4939643770385279634479574b524654715755424d6b6773414238714f7077664e61636a6c68516c5564754e6645646d4866696e6d687149493536655645734d6951744569464253564a4f344949324950572f623649364f37544e66646d616b556d44716f363744495864574d72556c555362382b375550536a36545947312b68396e2b794c7472307472346f78354b734e6e75473673625672484576724d532b556738724b4853417779657a4d774d7a4d444d7a417a4d774d7a4d444d7a417a4d774d7a4d444d7a417a4d774d7a4d444d7a417a4d774d7a4d444d7a417a4d774d7a4d444d7a417a4d774d7a4d444d7a417a4d774d7a4d444d7a417a4d774d7a4d444d7a417a4d774d7a4d444d7a417a4d774d7a4d444d7a417a4d7750476e33704b6153722b372f712b4b4d457146454a6468665a4569566e334a4c7957347432753147507065797a564d2b564946456e455650665846377037745173504739725032422b5947556b4e524d69414736497566696f2f7148307557364e706b3979694e514143747766454f493479496c455a58757539312b62794e706d6e5433535649414b53626e774c6e362b58454a2f7071446767566266594a2b7879574f49434b5a51484d57353264507070414d665142652b376b536b384e4d7266637174596a724c68743164754f736837324b65492f586749507665444a6f4655396655307968764878653935374f78555150716442383368335846494b50556b792b47795a6b456a6f76666c3777357550625536523549384b4e4a53654332332f4d2f744a4561706364496e6e50496c4a4868666633506a516c536f6f776c504565416a62324f533647786e663179717958644d5973675736533747572b716f3678755755644f6f54426a556b57462b5676372b4473592b4d52704843702f496b4a6770593451416d79526357667861316c514342627a4c7a31687939354b694a566952362f462f4d375656436350555756395332354431703179706758644a41747a73394c4f7a4c56694b6b42653452646f474e346850496d6f70314a52784c394f4f2f35675875496d56553069445a4344666954632f4b727044717538576d306c7a7373683869463933557248314a44632b486939584830564c4c425a6d6d6a437833615a55382f4d50676d6c4d365376764568615275416e6d2b4a61794c4b4235374b383378536e67555a4274626e34687954747938726e37324a5561316e69484c6f6356796c4d7045705647423652366574794b7148476b4b54626262627044716138435242437552324a367646785864776a7771466c5245696a73656c384957467a456e6b4e7a396a3831775646553358795054346838644c65536667534f6130672b41753638796b69453030587061544e5530746450635167464d592f4d75354a5635445965337164666c63664c6971373448496351685766777076796e6f4c6c585a4a7146436364426a3537414942536e326e5a7a6e55326d36504f34706146704734394651356f50515878584c6246667568314e597658544756545371675433557145725477674b48516f6459657161595270536b6b72684f7954395a4264706a684e33556d4b725150697156525167712b7350796e7750512b466359695564754b4a586f6c4a3570505558396877636c4d394974482b76775a4f6173306e557448754f374934796c50463871795051563448714c39476c46796e673770665564777231757a705145704d61374c685631683743364170674b346f2b2f702b6d4b2b36663354312f5339574f5046757176337a434d314f4e685770593465366c497364765256356a6b5847387669466f4f774d616838752b33384a365049756553513863504645544e443045374b5434454f73716b4955676f32556e71504e3075527761322b4d70615a39655566704d78556a44302b4e52526d57616d536f53635241436753547848326a325069704d68525251424d74524678494a48436d5941676446722b7a31506e585139356b4975364b677136764f33436268384e46687773672f444a75656b2b6c2f493879324c6b55796647656e394533366d504a58566f653161696f4f457051695351394845737148734358784a793845682f484e556c502b72677342375337796b774b6b2f34646a30636b765956684a4c62526c586b6f4f783263792f38416c72396f2f774233485a686a302f696a31526d714a43666838655a6a4a4a38307336534354304471413848524c68714b697356385a4b75526154794a32486c314f5656654650664147425155564141327336324f44346a4d314a5341416d546774652f793766546435742b48657558357a755a543179784e64563861636d4d6f314b514247673850687350613768474c51593772514f58502b556c324f506f536843564558367276656c705664333657343667487259654e343877677666534a564e48424771794174562b67626a33765a4f4e52426a2f6943436a6a486f635135654c7466673154564349496b66694c5545693675563376616d68686f554978795436634b5146456e596b37767a6b63587574474f50582b6950486c317533325153484849577534424936486255655067745a61726e386f503242377353492f724b536641644c7336454a545a4b49726535324d584370583063327a544c516978314e773337676e7a466d586a4b516a654c67385849596f5a2b59696a412f534e6e396c7035696d2f48436b645677357034745073366a4a5a4461334470556b70346b794a2f4b71782b6c36634e546b38576c555555706b707672553870346b4565462b5872637571616163446e464950445a3032516753515170504166486b36584934474f304a615a72516f685836656e714f4775703571465250705776772f61486d44736b70644a3046516e4959797146524970504370526b43754831446b384a35476e53466b4b41657a6f75732b423142547947547530465954497050536b37623962774f5a783873566e6476454c65484a54666948652f5432537061756a45496d6a576c5362464a646e4a706646563655464561596c704134514e67626376552b6d4f5937524d33683638786165713156515362486954644139664e332b6e6676443638783058425559576a6e492b5658654c34665742637645586e614f74306d71494579517872414a4352487a7534395661546d676e5849592b4d705463583633685966656137537056677759545459514236535169565a393677523748635548336d745568512b4f305a685a74376b4a714a6f6966496b4b463247544b5444704355786d4e4a6b4735422f4e3476356c38514b53616e694b4f4a5a394e536a3779666f4469314839343354465477707a6d694d7a6a3163567a4c534c6971556a7874644b6a366e4a73423268396e4f72717853614c5756416970567369437553716c6b347679326b734366496c686f795935645570636977516b6d77386e5535584749584d654649496a4667386f56464361576a7559684a635842534c68585551656b644c6a3164696b77517055435653546e69493668304268687250346a69544b516e6d514274315864426c384353694b57506a6a6e5155725170424b564a56626d434e7764755965594d68703661644a554564324c3343547a486958705334465a7079567869785545703236756c686364686e62765530535536643752617053343042497073777358494637576e3876394a2f5736532b793861305352706b6a556c614641464b67626767394966536d76303849386845467858524970614463637863582b6c7a44735437536176733979582b79657035355a744e39384971656f587563655354773336653650492f6c49754e69574861686e3851704b304261464253534c67673342442b73444d7a417a4d774d7a4d444d7a417a4d774d7a4d444d7a417a4d774d7a4d444d7a417a4d774d7a4d444d7a417a4d774d7a4d444d7a417a4d774d7a4d444d7a417a4d774d7a4d444d7a417a4d774d7a4d444d7a417a4d774d7a4d444d7a417a4d774d7a4d444d7a417a4d77504258333464512f736a73516e7863613754357573696f67427a344154497633497436336e56394f662f774234506c5a706456615377514a4555464a50576e714b6c7243423741672b312b3136764a64624d6248777a6934394664726542633677434a3666686c67744a47624253623768784847634b79454b46756c5069484e38456b6f6a32754f6939747657376576434f4751744f4b436b4a4f34763045636e4a564a4b6f564468504d45653178625430683945453744334f5630396c526b4569396e5776315377414a4a536f6762693237676e6156686c564f4d2b4e69335654486875447a53647862724e2f706551596b6c615567454332354e2b51363336727161476f7070616552483461304652462f71572b6b767974753264764a6a634d413064504a55795230314f6c584574515459472b2f5476302f51486b7a54644246544a67675141556c572f6a62636e32767a4468615847642f5749703038614c6b3946726a3055676653375442524b53736e3076516a536e6c3959376c39354d6e653572587458437654555459507769475352524b4979656f7662515971644635624c6c4f3554304a383373306b7338704154476749484e784f315a4e425578514c4b556b655265766b6b52314f5071343170344a65365049577535424f6a696a734c4335477a724d346c43636255794c435162477a514d4e56634b346a496a657756736f63695837536e766155544a2b5a4779774f726f4c733675464d73456841497663704e757036754a695077307850797254623168367550704370627134414c71494a32554c707631766a557259584e2b67766d6a51565144593344384c6a4242346467726f3669354a6c3430704e697150596549656a4d6a69535351656f6837366b58394c6345624b666b527050466478586c335745597a64443374436f707346526e6a7631376276573039456c65466b57674131416b456f36376a634479327436335a35745a69704a3038696b585434756e77516e786e4372356f4a5263333648563632536449636c4c552f736e4d2f68385863536b4b6a554479767544375065433834646e2b65526b6361714f5351643469775666365867334b784a6c4b6b4378516653515165567a6636586236457a736d50723068537253703257673743525057483761753430386932703279443267305361504d5532534566346369753571514f6f386936624c5569344a52782b6e484b6e304a523963655069486b61716f6f745361635761636951716750435476767a5366614c4f5034796e696e78583750794d4a49516c4a5372707365527630456376563476766863322f457639342b7a7a4e686a4c48346f66544c4e4f53564a34346a7a74766278646e444d716b344a365a535a495632356e5a51366a316542666e4d596d65675833744d6f5451394f32354871325071396a7136616455436c53516f37794533373249372b646e39767776644d50496a555435592b626a3370506d463157306b63674e5a526b7057666e5352394c6f4d6a544a6c424a54774c363364306c596b52475746516b68554c45486d504236316633533479704e696b3733366e7364735a4955373330693946457276717156534c397a4755635150796c51746437654c706a4a4b6d4d547258626b45377578704b667538497151474d4c71366745426578556c49365061486559564d71416c454e49692f53625864436d48756d307536323878446a704d4570614c324a50694e792b4f7278415263585346666c4a73356e425156436f4f4b534e436646636e43485335696e6869516f714e504b427a3446456b65313261594b36364f73755359684361324d30734e54504d4a5570706f6c5357427543514e6834584e6e536157786c51554261776b4b50704c5772704a334c6b32715168476c79453861506a616c455343655841676c532f65414878366670346b52704b2b4b525850666f2f5538362b474d6e496d66535044764866565033575644545530556647745370566441534c2b3832443436356370756c4b653776734c713364314575434745724a5248304132346c50587830517975627071623858754f4d46536b634e2b664d395430657975476b326c587665627a3277324d486a3059484653352f4b77796645464a464e415537322f4e64774c4a547171717553655a63674b6c46583467362f467954744e314571707a613864457151306c4a2b45684156364f3354352b62696b465374514e70514165676e396270344b3769637475732f776a374f377a472b794f6b4e716c6a6941413732392b7033754c696a554145517a53472f5165454f716f46674b436c53522b6472753669794b456f34652b563667374e4b773869566f696b536c424a7059556676714a5030765771466f5263487566556b50516b796952634a5353657452656e555630696953416e315071313656395858644c5a714b6949412f7a5a395470636c4e45704b674e783158666d73724a624838454b39727071715655742f775a4154314737713573744e6548746537617379697246573573655472364a4b6c54575146456b37463730314e55537957344a4f487075486536647776664c37784945695230574c2b5639307a7846645236745069556d5a32314b4b6942415361626956307176365873636c78644c454c4a6c6a4b514e7546614c6a395939376c4746774958416c4d6b58474c6657534342396f39376b464e676b7870416a5433716638415253692f734c2b6461614d30656e614771543371596b6d335350544139664d4f78476b706f6b685345705567692f417050456c51382b5939546c4646706c4570372f46465650576f2f77414a537263586744396832643770367068584e38446b59317754685843744a4844365857416552384f5259592b68306e44554a7454705567712f774a4478416e3945394a384f666d366e4d36457071694d706e6a534f4957544c7767323846446b52352b34764e65523036714e617061654a4d6849346a4879544f6e7254314b485630505756516f716f754a4937337641625847386c756154314c412f724268686a53575a31703266314a687847556d686f304547576971435a7158775043726b672f6d535155394a65614f7a76746a30396d38306e446173787730376d4632524374556e465356422f516b50796e394658714a64426d4d414a61626a6a514a5a49556c6359502b4a48395a4873634e7a476d4b61756f31555a53466345596d704a434c38555232345434704a412f6449366d4861316547704a70754b49376e356b6c2b617a54744e4a45456f5459676d32334f373675614837554e56396e6f54525638632b64776152614f46636e34394d527a53685a3570366b71356442484a39674f7a667465306872424d634e426c493436785176384856666854656f485a58384a4c4437576154686e7134454c6a4937755a536a354566794f4a646f57686f356c564151674655314d736a625971543653666f39377a6567525454643762634a34543175737a574f4536496c674258417133714e7777672f77423133576b30314a553643793951715371786e70593563687570644b64306f4a365367624439473355383550716e71544856656b2b3048443533486667726d7442476f6a59536238415067534570395a665a66522b6270745236616f6331532b6969716943314976637871354b5166454734395443315a6d59475a6d426d5a675a6d59475a6d426e775631625230464f616975716f4b574545417954534243626e6f75646e424f3037746d37502b7a3334654c505a6e764b3271527830394452526d6f6e6c54304b43553741486f4b69416568686b4a786a744d31706a644336596b7a4f51537565525378445330735a2f45715a6c664b6850764a5051415844644c6665433750387a4e3346564c6b634a4e6134546b61556f424858644a497435326355316a6b6150744d37553663366379465058304f6e4b4a5334354c6b774b7170447659394a43516b58364e32485053646f4862424d426c6c5962424a6f794f4c34494a5756676458487863336b5873393753734c716f69686c43735a6d453753554e51624b4a2f5150316837335761626c545070614b7255674a37314e2b453942366e51353752324f7a43444e335a6a71456d364a5545705767395949595a705a3463302f715857756c70425435634b31466a42796b7545315559382b532f58763476333269666549304a704844517a706b714d6c6c4b6e616e7863536543613435393456625270423275623336415747594766516a74482b395a32703145357073522b7964506f6c4e347854302f667a425051437153344a38516b503370767436376455304b56545a696c71556b584336724778635839477a44766f7a366a61572b394c712f4871544671765331426c49674c4b6d783868703566506856784a506c63504a4f442b394a325731796b6f794e526c384a4965667874416f70422f656a3467777a677a6a756c4e633650315645463664314c69736e66366c505570557365616238513959636959475a6d426d5a675a6d59475a6d426d5a675a6d59475a6d426d5a675a6d59475a6d426d5a675a6d59475a6d426d5a675a6d59475a6d426d5a675a6d59475a6d426d5a6766525437386455616a74316867494671624455364259472f704c6b5639723731766f78392b536d5846323430387972464d2b47674b6248716b6c42752b7164586b394747715a42514c7054784a3532484d4877636d7775586a68556c4d70556d317653483268782b6a4b415053436b48727473376d6a4e4976305a6b67395330622b35336f694a684276557039702f497853796a75356b4c42366a597565554379597859714150505a346a784e4c6a78496c55645151713433414965547341713148476a6a377977747846643775746d72456445745a326b644c45544549695465626e5a5031522b742f41524d694e5953654b575865342b714f6838773947644342776e68683646766768466f7165796766544a4467646f3971564843514e7547615869563558742b74382b4b5477556b6b7967435a56717474793650736633554b464b6f59463242415859626670506b70553270554a7342737735714a48663150643356776a6457357537324243414c4b756932317964673650446d36356a6358436744634f376f36694a556869507071547674634832734f56564e4b4162692f434362334242636531536d575045535853626b684e6a7a3364394c4a7871767768414e68612b32335434756c31637161644e4a53377169394e6139723868737778784a336f694354364b527a754c6e6d3961706b45644f495545635235573641487335476f6b5249714a4d43696f45693553624f7668695770526b6d4a545933334f3536396e7134766f685576316559775143556a6b4c38766148356c41436941646c664b39695253415145704943647866703858705661374253626270765a795338687241335753427373582f57306c6b783241666d4b77556f66564a346b6c386f515658363357764f303156446d4950694642436263514f34363337677042385033536f722b48366e5a7a306e6f375756763038772f645054384d66704934764c6f666c4b764c536a75516f516d4c6a6942322b5a505348572f436f6c5569515843676233547a5365734f5954516769784e7830635133487264545555436f464b6e6a54634b4f3448492b4966553063375a5337424b71724d55676d6d524c54534b4d4569434e34314b74774c486878424e782b6c666f63367a574152444448585152335265796b32356f566332396f5072733861396a4d6852565a474f49667a6c4c336c7630674462333266594c4552707263516853674f4752536b655155517050734a53364f534e576c5057647778446c4d4c3361355a497537545967536f6c46346c582b56666746446d52794f3768756f4e4d724569366d67564e53564b463843345a46584158304a4a3866716e6b6557327a7a6e6b73616d6c45676b69436b307034566f5031365a5a356677452b7746787a4d344b57415372686a545553306b646c784b4630316447656154316c50587a74623872387261314a33576453396d496d4e5377464a557930632f477050773074374b42466b4c5055523955766b52556647546f7036646664797a4b435670567941505335357258537450485372726b714d7443516b7963667a643254626a7638416d515343657358654f5a6157585232705a36624a49575345483465546f5056362b6c2f5565312b2b5a492f745a503841314c4b3566426a3636705a5752785456465054777157497152504263497543656e626f7335687035654f6a6754475a4a4a46395863324c786e694d77696c2f484d6946534c4e314b4943726e6d53372b6d316a55676668536b4439464e6e3964572b4b745972746b313774375a41713171536d304f4d6e556b2f58556b754936686d5551726a7030424e3977427536717131525654727575706c76346d2f32766769792f784655694b6151384b6c446949747976394c376a4e53745a6d5a633337727a714664724f49513565687879624c4e4e544a4d71556d316c723349506a753966343563594b49776c46755947352f6b667a505347733156587a5152534a51736a6842567552346b5065303770504a5a65537754336341504f316b4a482f414248774874667a6d6633576d43752f566f342b4c613836567346644e55544a6753564c556f37656b386736657755314e434b704d516b71434e75424a736e7a504a3769385069744f557751694a4b71684b666e57693576612b77362f77425966696c706133497037795476466f5473444973713454306b4157535055486738723376506d6a746a78432f68344e4d666d6571433566732b31545556383038644b6d55534c4b374351583350693952505a2f71364c306a694a6c6a3943782b6854797a4268736c4d5566437156416a697447684932754f5a55655a64376a744d357458343638336b75494a3948385459486e79634e66642b545831647a7773552b6a44654e3046717959684b635174425053745154394a4c6c654c374839523141343674554d43656d35557133714667387759367531567079524b386a524a7a574f4e69715243416d614d48724853504630327163355861735255556c4854316c465238595475766856494164785a4a32424e756d3758393435566f3133614b384c46486f78726b6444345845715569757a7931534a47364b65464950326c38464668734570616b7730645456424975444b73714b75765957477a79526964424a6c7146314651674c57545a4e2b6b6e6d6f75645950526c4a43746369616441736b49547336642b586d76395670545677343639495950787545306c4c55495257342b4f6c347a5947524a41763437374f6255765a547069716943766759534475436c5368394265514e5461537071696e4b5453524b41364f486d65546a6d6e4a316153715a34736856424f4e45666570457032526259684a3864724238526e795230744c72394f732b69436471576938447054513958505130736356524f70454d5a75536f334e7a59382b514c686d42772f6452784c707945724b52784a56742f667a6371375764552f37595655564e53774c686f365a616c6a69324b6a617732397233735a6a6f35364743534962694d453850534c506931725736793669496a6f3463516d4a4d6e645645536f5a4239556d78395857354a515548656771694b4a454435686263655936504e2b6161695375424d5652456970682b7263656b6e39302f59376645596e68496d787459737254796a6b4f2f6c6639623565754b736a686f715a4e51754f547675494969435264616c486b50456550513947746872636e48785a4d553864514532433665496c5355395369666d493952366e494557726334694f6148753561616c4b72485963536c324b674f75773937395651454d716c6733556f6749414778367765692f543972445530645856422f77436838704b6c53794f4f6d714f51574c32437630534473704a355842365874354768434654536c4b6f374b48784b556a644a42326c543548376574386375504e536c6456436e303655706d514e7a644a75467076346a364137324f5646586a6b354243654f5744384f6f547a3430636966574c4668512f426d5146586f705878656c77386b796377522b696f62754b5a66484a70366c58424659524c372b4650364b726861504c356836773869496f6668316c495046456b446756306d496e6b66464a7436693676564750506f53424934726b33486a736666776c686962557544515a5a6b7052786f554f2b522b6c626d50576c3437794f6e4971504a71705a5967714353306b52743048713675743531724b59476b686c556d337738346a56666f536558754c6a4f71384a664555383448346c4a4d71416e7253436266597770644e647076614e6f6e7534496139476378794259556d544257704b5230496d48706934362b4950734432646472756a396246474e70367734374e7151464847316e6f534b504d393272355a522b377634423452724d4b4a38504655424f36556a3347333046786166545563746446784949574f4942513249494f7842473449754e7777374f64704f4a4752303155524a6a34716d4242714b5167623937456f534a54362b477a317675386167455756796d6d5a6c464d63366a58555150547661524939695666316e697273303756637a52536f7747754b77564e477059696f6370496e38574f514830557a4b2b736b38754d69344e7233473479664a6a68682b303342354f685233534631346a556c4f77344a30377038677269595a775a6d59475a6d426d5a676550653276745a77485a6a694970613543362f4b31562f67736243734a6b6c747a556f6e35454438783664686376494b31424b437052414146795430422f6e546e63785564706662486d3951547947576d6c713149673532454b43557870462b674a462f4d6c686c47702b386232715a4f7156506a6362674d66536b656846384d755a512f655756693538674865526665533137535931536133522b4971367268736d614f65574a415051536a30722b5155487a614f305454436d685755704f774a4844387636334b4b7252564255556976374d6c494942355759646536724d613537576454526e562b556b724b6547516d436a6a6a45644e415474644b427a4e7472714a506939504e6149567050744478646457776c56504f67777838567a5a514f7733384c76736c7050524e46693568555151674b4233326446323934754f7472394c52527048655335656e51505235664e66667959566d72644e34367477464775706f6f567a414168616b376a7775376e5431576e53756c4a616a4334654d7a787041454565334753527553584b395234557930634d6141416843674c5735675078537852343941556c4b56646156433449366947463151307330476936474967686159675642504b353350766478514a43714a4a4933346437757170645434343077706c30386956573465454b4843487a497a464e77384b6241573632484e575270334e6734627258737a303572694549794e4648385167336a6e514f466144316775535435434a662b49485934716f696a674d78576b41654c44725271337344774f6d717735536f713669736b754f417a4b3254354238474f306e5456644d563031556d7732434539466e4f507645366e7035714130314e5652642b6e6b6e69753841614631486b73586e514a355a4f3755723852424f78462b6243585a625455744d7453564a754f757a70354e4e7879376d49472f67383479596d444b34324b73706c70576d52494f7a70305946534a7968614f586777776a58614e6a456f6d685159706b6d365a4565696f48774933446c6d6c4f3248745537506537536e4c4c7a324c51624b704d6f544c5a50556d5435302b306a776552613354695678457052632b546a65553077696547534753505933484a686e72735437657448397049526a30724f4731427733566a6170597576724d532b5567384e6c645965576e2b5932744e4b3147487250694b5a536b39326f4c524a47536c635a4232497475443468396c507570666544714d315755326774655651566b31447538626b3546574e575279696c2f316c755376725773642b596470575a6d426d5a675a6d59475a6d426d5a675a6d59475a6d426d5a675a6d59475a6d426d5a675a6d59475a6d426d5a675a6d59475a6d426d5a675a6d59475a6d42394c2f414c2f4e4e3366615870327234416b543468556648316c45784e7656786a327675672b7458332f634a38526f58542b6f554a48466a386959466d322f424d672b3769516e3276327656354c716c6a7878414a3477374f4b6d493375676e7974373354597952494134724f335255526e5a4362323674773944485068426146705252692b36676e71504e7a66534e556d4a59514b684a467246506738645569703179446753694d5836584a735371564330464d3052362b682b5a6139305061537a50444a65746a4f796b716a734c41574966694d6c4d5552554c68457842756551644c67363551696f704a43673239456b46334255466645786f756477726b3645787155375179366230612f39584d6f6765753751674b6852626c62625a374e556e76595a654859454354633948497653706a3643556b394674672f41786b6769717045725677685a32566261373968556b4e544953624c4372676a6134656f754d435a534f48666337766b3730705149317053704e39726a63655259576b4e664c7841486856356933305054796463715849776f4d4b62643064372b6234304c466c473277486758723151542b31346a59627867585951334f4c6e4d733655684d5a5362324133644d6c5367734653726b37456e334f5a366d78354331564d593945446678635071594c4b6b514c674b41556c33754e66636471444a587a74363476535344302b6966587966444967724150316873664e2f51737952685a754c43783848394d6c704f4d47317836513643374e756a694f72586a67556d546c644a337431505a45586f33536246386953685739724872666f6a626342513677584645626437613344653555673336772f716b4b4351554c413931337a706a4e6a776b58366a735834575a4143566f4b774f70795244695a61367a4d547779523376395943372b56455356702f4473626444326f5567494b30727370585154794438434d7a53684342366437424a3275656742395244695a537a73527879526d612b516930556b4a6a48676263527437486e587336514b6a534d616a633770422f7167442f414368346b374f7548472f476955656a54554e5250496f644a344c583970655a4f7a536d585461544d4b68756c514873447a633861764b316a2b6c36314642474b6634365248464848745543334f4a5779765a7558526d696d6757454949564e536d38536a754a597a794236783048774c6e69615a433172686b534652796a6849504968512f353348714f6c4d50655545784b70636565374a504e634372384a39584c314f4632674f557873416a71714178466446557847536e53766577494956476656645071634731426f6447716445634d6b6f2b4d78616a53707146446453553778715634384f78386e6d334a346e76554c6a494847676c5354346a6d66574c4832754859324a5546646e634f4c4131314e48504344304c4846477236456c6f6e517758704c7336586c5571544c556d476f6a555553784b4736564132504c6d50463330335a4e6c59376943706841485436592f573535515571455a465662466542636953736b43396c624b2b306a31755a34537343356c52565a516768425556634f784164366e755049703073723234754b336f774855646c2b666948476975704c395845752f305067704e42356c4e516e346975676a743070346c57397766594c5031324e526a3153304b752f6c3479685351506c747a4a366e6a2f414356586b4a6158674a4934347a4a5a41395144367437707962527162504934654b4a33706f59505232416f676179724d6338682b61576f55416d34384f546c756e4d6870755752555650566f7146786b4a51694b4d384a4a4e67456d316a75624f6a69306a555a4f73704f395176345876516d514b35472f67664a35455270536d706f463030554359774c393377693343626265393062576d30376c5969496a6f7862466a716a4f354f737170723843705642493645703469456a32433779527076415171707847694d63487a636e48744d30366f7179726f316a68564773672b6153443777586c5451744b6b3035516f656b6b6b653938765666683950707645444750536b4a354f53302b43695454684a5438786435515553555270754e776f2b3937693451694e4236743245646b6f6269715355693341523667486a6e53474e6956515272743879696f6b6a784a6558716d494a6a717052794d5a50754c787a70534552554154652f43736a33734a4c6a4d66456b494e6754745957636870615152786f7542746452656851634a514f735764737555495370562f38416d44436f796b526b6a4d615236537a612f554f6c345037615664376d615768516f4b6a684a6b6b414f3233494832504d4771737a486961417a4c554f2f556b39326e7255384a35694663383839624f5370636c30692f5764763173496a53343053554335696a636b48336c7966526965367059317a4253715351626b633479392f47596744474a424667714e4b69504d6b76543068503841435456464a4d4f4f4a457851736372584f7a43595159314a416c706c4a55466267644367374769672b743350706a6d6e6b665557776c4f7143794c69536d5766515679743448714c6b4d64496c4a436c69385a2b76306a7a596166374c2b4c4d6454436b66464953556f5572627645486d6739523235395966754454307453684a6856454978737333486f2b466e665555426a6b3456636a623068376939364f4c3461713779316b53624c48697770593858445255685245626f562f4f4c49334a367a3566513657687066674d7433616b6a754b6b464368305848386a6e30744d6b6851484a546a6d566f5649437545627845534938756b4d4e536b6f2b474e564d7663774b4b4c3961442f4143454f747a394b56597a6a4f366f6c684b76626239587363716a68436846556445694f425a3865677653716159545456644c494e6c7042396f73666577786e577743536a723041664e43466a7a42656a58774971734858416a306b3143435231457046334a4a36596961726a74763343676f654e3358497072554f544668596d6e6b397744437178394144702b524247774e68667964624e6a454972424b4141496b534c4e334c4d6642624753516b6269554433322b7836396453705448496b69786b495479364f4b35595930792b6e6b5459304a6b6a5352774b57734562472f38417a753637492b3157696f31346a41366d6b6d6e5869362b4a4d4e576f457156532b6b6c4b31486d6f526b674870747679752f7573716c536c6673756c4631533237306a6f5430443175495a504678342b4f4f616d57494b696c554a6b7967416c45672b583158356a704677773779554e585331314846563064524655303871654b4f574a5955685936775273587a5072747052583761305a52366e30734a4b4757524a4531506a4b6f30736b55795461535068336a5551726342536477523176355264702b743661557830755978325357685843716b793942384e55413958456851536f2b2f775964696d6546364c74306b6f624931566f2f4955646836553146494a3048783456634b6837334e644864714f6874557145574c7a314d6d714f3377745365356d76344a56612f7175776d624d7a446a7159684e5479516e6b744a5366574c5038414f337351706b7856565647713365497146707565734c4933396a2f52626f663577646c5662484671664a496a58787869756e4b464870486571735748624853616971424d556953454a415050622f6e636c4b6b70536f5839472f5072634e30624d5a71464943754941664d4e6e4931704a52776c64675141456a6f596239485552704a755262786343375356567556314e70314f4a68377a344b764539517458796f534571462f453775546d4f54614e4173713931486f6535523050642b6d6c48456f387977354a694a593064357845446369334e314666435a56454a4241446b42703132755230323550796d6c43726b6a7a5951717178386953706144365867485631456c5a544c75564570487565545067493169355336724b346443343157514e2f42686a7649356d7170364e5536457257734132463342713374674336617270636a51314f4b5433567165615755474b53514b7351514e774c623338486c32584652706c4b46494251647257646671487379775761783843717646497249594a684d75424a4b564c543959416a70747550454268314d714b76495a33576b6366786961794f65545a634b7970413668376938345461427045364e6b715a3462564d4341714e64747a34487764726c2b7a6e54574b375263665161557838644e544330692b45334a4b556b6c523273506e53504d46355a7965486a5670716f7054594b584555704853545a68424f7973792f7351514546556162464b7262626a6b356d7246686165383442767a326672536d4254523063615570576d4d41634b5643334957765a7965476e3452774542514c43477a59376d6b4a397a727172454933504338687a554b625841656856554b64787768683137375663414655717741726b536b327542396f6658444e306b314a57724369754b534e514b53445967673332504d4870666472744778635a77386b7971564d2f64376c4e7479504239546530436a707a57534c68433430452b67466a636542596475767567397335313570372f5a6655645746616e786b512f456b507056304132456e69744f7756366c644a746e352f6c4c6f335547573068717567314668706a446b4b43595378472b7975744b75744b68634564524c2f546e7332315a6a396236497865714d59663750587743516f7663784c354c5166464b6752366d45685a6d59475a6d426d5a675a6d59475a6d426d5a675a6d59475a6d426d5a675a6d59475a6d426d5a675a6d59475a6d426d5a675a6d59475a6d426d666d5752455561704a46705168414b6c4b55624141644a505177394f476474756b453634374c7337707341664556464d5630702f4c4f6738635a2f724a4138693448326a2f41486763566a6169544661477045366c79614477726d526330735a36754d664f66493238586a542f414c774f32724c796d53584b706f6f79726945565044484545692f4b2f43705874557736305935536b4c4b4a6b46433045705768584d45624548784264335453495079676372453235507a3267346e4a5954563953724a70394b76577171537669754646536956623966455437512b4f676c346b57463765353273566b5634574957625848477231324433594a35536e303543676453543972726b726b6b7369424847727057726b48794a702b37336c5771565a365071683275714c6f6c5745796159594145676b4a6b75566356766630764a5745797355386b4a555165386a3462486d586833466b79716c6948704867755462594679444231386e7753306f576f4b68554652373879344d32486362684a53374b38514345424b7753454c4d61747567386e56534a4d4e517047335342356a2b5238576e3875697557497067454c714557747a736f645236587631364653424d75345830332f4d4853544e4b7174336b636f74596a713633356c5273443539466e39556b7955366f37674b52754838516f7977672f57485039544436736c4b566d2f3162675037586a306f702b577a2b674a58483038754532443964314a506a5368414b7045676933365159637069545043744368644b6862314f4a355854315144364b5052487972527535466a71314a346f6c7055695350353045656b6e395938585a494a574e6c416739584976717470724f34655447324b4b6e46314d4d696a33456850356f78652f6d48714c696d53734a34463335574b436c356c4543447a6a51663458344e4253724a76436733384850484a6e3163546a6868394561775053527635506169694a504b7865566c59536958737543496a7273395370307852534a4a52476c4a50316b6c7956354d65734f5a785439324f416c64724b3476612f7355514a342b496843423959644c6b65583064556758707167714a76737270645256347a4959324d527a55366c4a7464536b37687a317a5573346e486146664c6557355541542b594f773078524579535655673434347652546670576631666139614f4554416d4c3537674333576467484b6f3450326654513076524741564b4853656b2b317a77686c595563506461587a4e516b6e2b30535539436b2b42574671397953382f365570776a427871492f6e434c2b74492f6c654570715a55505a7668376a6574796b6b71794f6b4a6958772f59383261537155564742704541373932676e315853667044794d3037764b37534e5668614a6850636f5830694d6a3170562b6f75767a394f696e796c466c6548384f552f4456485677724e6766557133746439416b64326b713563572f724242664456305972635a4e52714175704274344b4839773433536c58543847797836554b7542586942742f6c4c787a716d69565136307856516e594c6c5841542b38416f65394c7977453939476d5259737157496358377964693448326c3035474d68726b44303657614b622b71757839784c43485a4b6b5642557949534c4379674235704a48764163687073597161524d6746376c4b4f585152642b737852686458415538705567412b494a2b7a5a7933546b434a736451536349757675754939524365452b3846686a53707873306d577945554369694f657257684b52794a53505355664944326c33576e644c4a6e34315342532b4d464b5365514351375847306155706c6c576743524e52564a4974792f474f2f73446d6d6e364a427077514c634a554746546973456d544477675232556c417366464a32642b76466f6b68517668462b477838335a3475414970557074734362653137666441494b5230734d4936697850374f316d71614a4e6f716d4d534839354b7546587555484e394a67525663694f5155626a3176693753364e4345557551412f6d706253667571484372365166552b5043546a75365363486345784c3877662b5a685059556a67424435566f756d78657653724268763162766142346b67734b4c555569716243564b3047796b7871447831707575516d476e6958594b5746635a50587a446c33616a6c3473566856787148464a4f654649763064627844694b2b5655307353377058477269523546686c3669726f306f49427636536554734b6d7469676f567a3143776d4f4e5045736e6f3654396a674f4a726c4b5441435436613033336450326b5a2b58396b5134364261754b746e4b534c3878666b77344b334a79616a793832516c43753453534945583234522b742f5a364f4e5345465976593872654838723238526a653469544552596849423833623146434f464a346472692f7359566f7068384f55676367452b784c67306b5361545643347545384e54455a434430324e6a3769386f78553455685134667a487a32654f2b30306e48357a4431535532434545714936556b37734a35704e524d6161646167734b486f6b2f58446d464c443341345a4156514b324250523446342f3074554937784d436c414a5551714e59504939424479686970424e44336379527832737271554f74676870754438452f4c7a6a4a2b68377959557a51474a64776f62472f4e2b6b307156513931636c492b556e6f384837707774506f79433630636a2b59667259634e447870347161595755672b696573506a794650784a346741564a393436513979586755556b6b42584e436e38563661536b2b696f626554436d7838615369576a504b33464866712f6b6576557074575154456650654b54775550372b3937565a2f5a3555314b45324d6176535431506b726164457953714e51434a77467871364173636a367874366d454b7931495964524b6a55505271493132383762756e703451714849704933565278727431384a73666f6330314c53726d70494d68456e38616d57466c505830454f4f787878707255464a7644556f564544344c76772b77374d4f476e7055696b4777394b596e2b6b58575a6d4e4b45643673634b454a55732b70336b593461493851336a6c516f6a7142352b38463157736f464a78645a77376b494b66622f7a734d6234716b5559616a4d5642563330716955413868666b505548483951786479436961353733303158487a486f446d2b54684d47506a68514c4a426a3468316352635531684b6d5a4d696a383041467262584c437437494e565a37435a6a4d30654e784d65537071774a715a714a617968586f4a73706361687956626e6362674471643971484a3476564b31564f4f687a6d507961665258476155544a562b69766834722b734a384334586f4c4b56754b3156466c4b5362754b6d4b7348417133467370437751523067676b504e4e5870725233616254494e545255754e7a795278494b556a676b50576732327631626a7244444645395872624678464d46425753526375373768616b6e2f414f6d6f4868395263537a6558566c6f444c56615a564d6f4733485378486953722b4734763743386a5a50732f72744b564334362f445456304b5162795555454b5a51507a474d704158357056366e78346d58733871316644667443616c7152666a6a717359596c3338516b6765746852646d336276724c51383064444d61334959644e6b696a79735377596831496b414b6b6a314b48672b7a765a353236396e75727157797333523462494953444c5235437052456f637430714a34566a666f33367748686b3657306c55674b697245544538725171502f45585856765a7a685a56384a68696b6a366c7845665347485a50586661626f7253576c36724f5a5055464171474a486f527754706b6b6d57646b6f516c4a4a4a4a396e4d375038364f7a757158426c7a554a5355643873723462334b62714a7437336d2f4d646c574f54534b6d7071654869536b384a536a66364869536644727775635441515532567357485a4873337a4365374d53314538514676447765516f366b79464b516b4a3875646e676e517461714e4b456856775473427338755957734d734d53306d36695053436879384745706f4930386a38774f39756c33644d71494a737049487164486969456f4a34694c66574a2f767537716e416b7553534641394c44615541523167394c2b64326d2f512f5345385239454a76306856337a706953445941734f455243773266484c546861534348754a52316a32766c54476b3742684671374633756f44642b38437553465a686c47784f3367354c4e5468534c57656e38474f5069417351646d45616a78554b39575456676a415677684362446b4c6b6e336d376c434b524b674f4944325031545553557a716b3466534c33536e6131724d4e4d774a516b704144346541705662617a33796b6d2f46752b475541703359613553656b327339577269324c32696f4266445976687146446c61393245617a30435a616156424f785351504e3952653141534849314b4b71474d6c43796d36503564333234315255696e7864537362714354776d2f532b6f2f615456437372355a51624c4a494e786665374446633059347944763146396f50754336346d704d376b2b7a2b736d7654566b61712b675354387371624356492f65545a58384a66576d706a2f4849484b3977354232585a35576c7530725432664379684e446b5956796b4731346c4b34566a31705570682b6e7250346b67704242424851512f72417a4d774d7a4d444d7a417a4d774d7a4d444d7a417a4d774d7a4d444d7a417a4d774d7a4d444d7a417a4d774d7a4d444d2f696945704b6c454141584a4c4436394c4d356247596168585735577670714b6d514c6d536551494876352b54787272627450724b6a4a72302f6f474f6d7271754d384e566b5a415630394f66797074383676585965504a78366b304e553565724756315858315761726962685651626f6a384549486f70486b47462f6c6532564e5a4e4c53364e302f5635565950436d737166774b596e7248316c443142784c4f36643166727441477363334b75674a3378314744445448666b6f4133582f4553357a5551594854474c56585a4f716f3866526f466a4c4d7268486b6e7250674c6c77624a396f57617a696c556569635761576d4f78794e664636523859346a7938312f31574772716e48365a374f4e4f496e54516f45717a33644c53784a48655472366b6a71367a79446a654c706459616d6a2b496c6b5268715a664b4b6e4155734478576f6651484a73486f476166496e4b5a716f716370587966505531432b4a586b4f6f654173486b62485969476d695447684153457046685a683134375275794b7679576e616d706972362b7479564c4771576e544b737143694f614e2b7344323266582f477a33736c56786259673942663646314f4c6c5765454b534c622b6958314a2b3872325a56476a64524855324f684a776d556d4a6b43527454564275536b2f6f71334938626a7166644c616c354d625179696e4842734e6e7a4b757466434e747272505341364f6a71627076653968796472524c50427630376e64333658334376617177705639314968435052436a5a5236672b6648314863566847345353556f48683175735376764a6b78676931775665514c354d676f6d76576f644146746e4c316364463746587a5573697a444c77795171346f72717344626d5057386d61617a644e6e4d596d614d3258494f47525053695164426548705a4642555651685235656b5046324f45794d6d4a7961617148694d6331684a48665a5936434f70513650553665664636776d7833394a5a576c436f354f4d4133547a485748784243685078523356484a767479426675677946506c38656d727031334e724c46724862707430487259724d514b542f414443766d2f58354f6f6d6578545478714b754336447a73702b6b78564d424d7363616c6f5675522b70366f544a43514264634b766c49333466354875785256735070785344683538424c44784d6c466151734b4b5a3439675644306b2b42442b524353496b5378456670786d366659392b4e55636f764b6b495750506e34486d483645786a6b4b5a52784a485370504550614e3248436e7641674b6a50476931396a596764646e73556b714657436c67654b67396d6c56537a6778397a7770353861546633765672385a3363334852314a41554c32504a68757055454b554c6267324936792f6962446357485139537346625454684b34457276476d366b4b36626233443450326b4978615a4330654b686341734c576e536d5363456b67446f74732f55394769597143676c6645656b63337730553853716536564a4b6c39415049506370726e5a4f3653656c687034725131486b4d6b4a6f3431517168535a5370472b2f4a4e2b7670396a6a32746356585969592f45492f4256364b4a556a3062387248714c7a50704f6c4d574a56554b52645536754966756a5966616657396655304e4e5559756f524c4346635353436c6162672b6f7562486e745278616b57514c56644c4c4468744c34344a422b477830395a4a62724a6a53503841696332305a564b704a4655736849376f6933377176355148715a476b52586174724b66682f426f7364543059485143704b70466535614859354448727036536d794b423869524655573645386772314678544f3532375a4470414670576b636c44694872663149345a417639494b5072324c304e4931587846436a692b64413454354f306b6a74366c5739764a2b44537159676d513247795a5462795548464e5a30596e77746446612f34537a376e4e716c48454a443441756f796c4b4a68335a473073616b48324d495077642f6836537054757147515838696b4b48756372306e46336355734235517a4570387238592f7a48324f673059684d324a6a68554f634b556b6670526b6f507542636d776165366b6b46765334456b2b5043536b2b3568564c6a536e554758785a484a536171496e70524c7a396968373349744d6e696973726e6578486a794c7064614a2b41794f5031456d4e536f596b4b7036766747356956766631486437324e71455531574a55794a58444e61366b6d343346776f654244435455794f434d702f4b736b506d504a2b5979443651354b667050496a715952765731494b6e467a78385045436e697431396675654f4e475679704a617a47534c2f4142454b536f58367873543678592b7035597a4b5361636d312b486d3849616e574e4d36306972674c78714842494230704a3250734c444d6546712b4f4e43566e663546447149646f4a6f346161526371776c4d64796f6e6f416349784661695330384d6f4b4a4150534232503556665958553972476f7052515134616c55555456614f4f6f736553423958316e3342684764565a477331586d616d716a76384641536d4f3353623757664257346d5245556c5a416b6c5864676c49367266794f54365a78426a78744e53705473497770666970572f304f7a6f7148756b4a37314e304b346b4b3841547357454a774e575a614b4e584636614663767463667a2f46553673777943626f52506133575358494e545939656e38796b4a466f4b676b70366a317550316c686d7358555832453979657137444b53614d6f4250447a49652f4e416b784734355732653068416c78715a527553692f7244387173594f49443572692f71757730496f77594f4e504d4976623150482f616c526964574c6b556d365368515074467837336b4b694e34306a387962665348447530464b6c5954477a41584d4e5970423959422b786846644635417831637546716c634d394f62774b50316b504e656a367356644c33636c2b4e4778333342363367544f5555347149386a6a37697270624c534239644853486c58732b79694d6c6a5963725172416c6a53425552577562644a74346458386a444a52544e454f4f2f476e70657a477045714151664a366c46574a6b6834774e67427870766533694f73507a557058442b5054336b694f35534f59385177324a796d4d58575077796439766c50572f4b7741516e6a467950524a354564586b2f6c4a5752564b4f425a4276746639623471696e425159467149547a516f48355431686870354e5a49556c614f47564933484d4c52312b703847476e6a556856444b62496b7559536567394b66556433797979536850633159394d664a494f6e792f55364f565a697143416677316771322b716f636947463841524f716e6d466a496b70505553345a56552f644c4e5077376f6e46683446515036334b3031614a616147716e5742777838536965766b34354c4952554b6b574c7a4c75556f365266705071396a44686c42584c5047675834796c492f72456e33573972304e566c4d736b5750537238535a6646494239564136532b616f7270497066686364476d65717464616966516a48696666316e77443050686c51385370356c3146544f6654556c507079666f6f48516e784c436e7974496d7145676a54635372536c4e755a43656e33504750614e477167713631597559784c4754362f774355504d7934563031317a52702b4a56736d4a4a7633616570342b37546364484c674b30544543576535557238702b71506177786670534b6e7264517170495a4653426462436c566a776e69345663696475664b2b7a6d4837566c7831622b7936704b6f717846796d313063646a59714637464a48534f594c69765a356c6632625855476f5a384f696f5452314d49565452477971684b654a4b6b472b317946453365596456345054757463654d727069514b584552385252314b415a4b5664766c576b3732364c38756f675759587568645531315a697854356d6d6b796d50534477725647652f6a36754538316a724c386177374f6450366e70446b63595961693234576b656d672b4e76535358464d557649524a54537956745a693545656955314b565664496f6a7157507849782b39644c7634716a5547486b2f61646254544c6a4879315750576c61435030694144772b466d454d78347a32696138784c524857557439684b674a5742344c413339626e324d31546a73764768456b636b4d746864436b676577394c326a583472564e435971784d4d56535274496a35466e2f684c67395a6a616e435a416f49346f77725a684f35495579526c4b4f4d6f554f70344d37564e4e535532555655643065432f456b3236793831365971347059306771754c63696477397658656d593878675a6537534449456b703259646373424b756e714563494e695154765a3565306e584a6e70454a4b6f77726d4c4634764f4e584449744b304830546133536b755336517242537a70517264514a46756432475a384e554752504751556741477863676f6c4b574c685778357648756b7367557964325569785674306e7a65524d545a514364757341686861306942354877355064434c58745a38564c5941644832765933493462447a59635941414e3750366a6d42625a2f564a4852625a6f7966554f70683656793538756c6b4953774974623350346b324a59657245446d2f6835626c2b5672334c3868562b6c68374a32734339655649494976732b626342366c584970495043674b485475474768564544694b4657734f5a6454575a524e4c544b6c6c556b674a755642382b54715349354f487568665938617547336d4c4734365057344a72444c5455394f7150756b784b34654a53552f4e5963794c62572f5777314e59366e703159365245533164366f4b436b6350792b42484e39634e5855786b714a31574134726c566a66317563616d7a45457371796b7151547677534a36657450733542342f77417a58553071765257654a52466b714a747564374668432b36496b344c636863654e6e783546414958336577556a6231757a726b434f6f394145483568347575714e6c684674696d34397244394e4f79664b66746e7378307a6c537372565534716d6b576f6d393164326e693939334a6e6a4c377130776e2b373970465976364e47715066394752616673655457426d5a675a6d59475a6d426d5a675a6d59475a6d426d5a675a6d59475a6d426d5a675a6d59475a6d426d5a675a6e432b302f74426f4e47306b55456343736c6d71736c4e486a346c5755727257732f55514e726e7873415377766458616c77326c634a4e6c3835574a707161505962585649726f53684933556f3951654363767148576e6170566d6c6a52556165307356322b486a56616f716b333579724849666f4a3236795875593753326231646e4939523631717a567a702f3550537048444454412f566a5430644679626b394a636b3150716e544f687148754b75655034733751304e505a645249656f4a3642346d774444593039674d4e705045724b6c55394a53776f4b6c71576f4a536b446d56486b41346c586138314a71657158536144706f4b4c476f57422b314b714972584c3478786e5a4b656f717554314230385648714c74497245564f66765259614e6646426a5969654334354b6b502b49727a3248514f6c354d776547707358544968685145454377737768464a3263315664577735505532537138785770333779705878435077536e35556a775341357a5159616978304b5570536b4557745a504e386d557a754f7863526b714b794a4b556a636b676653342f53355055577146634f6d4d544a4a546c56766a616a384f416549556431667767734a544c6b36536a53437063636164774f4b31337851356d6a6b4a576d554c462b675057673749364f75705376555762795658577133343657587559346a2b696e652f6d712f6b48716639314f5978797a2b784e55426350507536366d346a6639354248304d4a4a53316b637657676b394c2b6169774f4e3150674b7a435a614b4f716f613249787a49554f593678314547784236434853516157317a424373797959656f55506c456336306b6a316f32644a6c74565a48536c536d6e31445353554b6c693852557269524c626e777147783875624471483274646e7562374d74564b786552437038664d6f717839634236465248314871574e754a50724778644a53315934425976736e326b6131787661426a70744c3146456d73676b5666692b744573636c7050516f6466714f7a36353679306c6e4e47313659386c417456484b6255395742364567366a2b56586766567335615a4e4f625632353656666f6b2f5756756f766d58494a4f4b5331676f3758366e5355315864466764335952546667573679414e6e63706b326874565a30792b38707049796271347474337455356a714b4e635374796b6d77367736764553453148706375456b6a33766c705a315158556553545a51384c6c392b4a63644569307a6d61764731506677586b556b684d38494e752b54316a71563950497649324f796c4a6b4b58346d6c6c3779496d7842466c526e3871683046346c6d345961314d343351766e6236586534326f56547a706e703575366b5673536e35566a714936664a352b536e625a5a704f345a5178714f36544a4a4555322f4b655871664c54797853724b4b56584173656b714a5777395236506f6361776d636a394f6d7156436e6b6b547354386976316633354f30696d435a45716b484431583353664939446a644c6a68515277726a4b56432b31742f6179616551724a69436a7479485032644c2b5253676f7647744d69547a45687550614879525655554e684b54544a50506954644a386c6679734f656d37694f4d3353424f543951373238512b644b49354a45795743316f33436558724c7270716941656c78703450716e6976663168384d3961464a34495436504b352b77734e32717179756f556f6c5154666848454f7279666d464b616953306951556a633758447255534c413255626e6b43392b4266645268424a536f376d33366d47784a5255737979536e675051556d7865376963466b4b69726a676f61306b794b73417358734f6b2b78363949564c3275434f7350494f68364645464d612b5649537555634d664d5752312b7468757168796c4c526f67525268614930684945537753515041756d71463146626b365046726f71714a553036627157697734556d36742f5935657570534459534137666e44693839664c565556666d61636b716e2f73474d505756456779442b6b72795377326449307678736d5479684732517270356f7a2f71787778782b314d595072636c5452527955696f5a5542554d71444774506830766a7755554e4c444246456d30556361556f4867425a32734b41464c6a364c3854434b364a714630476271735055715065515363467a395a42335172316a3375647153464a56316c776e58644e38446d73586e494e6b79455573397647355166627436334c386255697170493567666d5343664e68794c414b694f744e6e567a41384e4f71334b53783937744a6a616149646533392f613943644f796b39556750752f6b595176534b52464e6b59534e36624b314558384b6c456a3653355654516d4f5a457474677368586b6f6672543733486366616e314e71476c74764c4f4b68482f3461466661707a4b6b536d616e4b767a57492b6c68346d705935366561686c4846464b6e304366633866596d722f59315650686137693775425237752f524554755034547550416c354942424169493348792f61504e773774447764525770526c63636b4c723659586b6a742f79694c7248694f6c684a734e5765674b6552594a743643767a446f646c336753767a4876654b394d352b4d41592b70577149704e6f564c3255672f6b5631654236584e36544b787a78397a4d734a6e4852663576454d4c716f536d57465235676834493751464971745779306b673430774a344366486f6559465a654b6e413435456c4b6a7a48496e3750736545365646546b71784752576b6c5538697056333376633876595747396a704b764130364a5154506a536f454c472f644871506739657172455a66587336797269695441694f507973534338685966434a686f5454716943344a6b2f4b6f5853744a357050555134487144544654706a55433876526f6b6c7863675346673771675544302b486977796c686f5930473168644e67523457653061524b3435597241464b74764564447173445852314d45565247734b76474162486d4f677530724b6c49694571434c3234564d4b445665466a7a47465651724954565271343657512f6d48315435386e6857726c6b687176684b694a636331504a5970567a466a75486d2b6649706a57652f547849567a503276483361426a715449567678384569537451737367382b6a667859546e5375535455595a41766378573478344557753974536769456f76364b4a42592b484a3434304e583156484b49464c346967634a2f54513570445546615a34464b2b64486f487836474778546e7572786e6d68527435582f6c635a3751492b4c546c615563344b6d4b64507449503068336b6c5233714f3841737177555235374b644c6e5a68553471736a567a6e706c70492f77425967582b7a33734b59303437784e5367416f73466376716b582b676a325056534d6870484a2f747a4642556c4b7458397067534c322f53413875627374497969713035545358346c3039344a41656c494e306e32477a753030714f364b46656c456f5750674f67734a5270545546426c71534c4930436b7168575054516e637833356b6461657364446c41517048346c4d73464a33344362672b54363631597957697339385a69696f3063362b4b534148612f356b395236773872364831316a63354359595a6b785669646c30386e6f6b6e7748366d456d6e6f34353546535579315538342b5a505172315078466b4a5969594b32496b666d54394c396d7470706a774b555935427950535049394c344b79726a4343697354644a32544d67584238787a4444376b7954536c6345676b516478342f714c696b6b3635355552516b4353594863386b67664d72774144324d78566d6868584d69626a536652536b394a504c37485759714766495633374b6f566d4e616b67316c56612f64494734516e6f76303956397a65777546684a5642512b44787951593659446a6c6b2b534d2f6d563171366b6a66653535766769704a4a456361704a493454395a5838354c342f33324869643363726778394f4577553066396c6756776f424e7a4c4a306e78505766462b30487670464241544a494e3546712b534d6550366d46585459386d4875345978535539373852463179487241356b2b4a6531486a30303656474641684a48707a4c4e354665766f66696f7a69424f716b7773456d5572522f4f5344614e486d726b4134376b613856616c513146544a6d71784a3370714e5a6a706f6a314b574f62447a6d63746a7152617157676a6c7956596638476c5478372f414b532b51654c74625639524e4a496d53534b53745266686a6750464653654a5031355063486b484c304e584a52716a79465848543079687652554354456c51366c722b6466714944787a71616b564447593661464650416b624a7462334d494c6f4a4844557278556f555678354e43726e6536466f576658754338675646497244545532622f614d3944566f486430713663336e6c41765a495479576e666669326342784b36694855382f77434579546d4f4e53457176596b4b554354627755386b597a5336386d7464626e4f4376714a514153745243556a6f43514e6742305773776c4f6a745734334c5645644a71536c47417a43376345317255395166482f52715056796553616247783035335159567146784a434e6c7036796b624c486c7634504643657a544354784a6d507869654162492b505755656f4739765537504135625061614b61574f53616f78774e75357172794a542b366f67456570684c4d336f716c714171756f5248547a4b333779482b6158356a6f6353796b453448774f56684b4a456649733737645950536c3548307a7166475a437946425648564c4879714e3079655236665875397a4f34616c794e4e77716a54634734483267394259595a6f784e513167494e30333539596552394e316b565454496a56617846693433583457536c7146553871626f765a43694c5738504174696c7a554d39726c4b5165727859526e744d307a2b7a38307571696a50773951654c5962425853346844544347597944597055446132373743314e4854366877536f4a5570377931306e714c78466e394f7a5564524a47554c42437245735057437245696443305341464b64726a6e30764a4f6d38676965494a3479547a33362b7034636f594a49366f5179417057466450533535703261576d34556c5845674a4777356746686c476c6e436b6767584851587364344e74374f4f3436714b59304b3777455874734c432f5137614756426a767341643739463247384a4c37446d2f6946384a7354763050575172694672337431506d51753651656e6f59624846634871666f44626376695362626d7766704a4e727350457743542b74384d6b36496b6e69324c314d315770674355393777724a3238665071383354795a475353526361785970542b495937626452595341314b51676d3662645a4c72354b2b4e53794c4b51704a2f4c64316456572f684a5165385647736350476c484c774e6e367059314a70355a524b74556162424b41515350415859614f71424a5053794b7031784653564377576b3767394732377856713272707a44546852576d6f462b456351506f6d353453656b58424936747830504a32704b78554e4e3352523369434c714e7946584132746263472f6d3855366b703653756757515a46536b6265676f453374754f692b3137416b4865335577784e6d7136513131516b6771695449466c4b742b4137676c5072634d7956544f4f38535346706a6b3232354466334f56366d34716561393072456f43436576666477374b447551734b42757668472f755073596355697a55536c4a58736430472f4c2b35657255376758545a5366525635766c67767832324679515041586646584b345667322b61312f4d477a44394250756b69333365644b2b4d4d782f77443135486c5234332b374254717065774c534d536b6c4a4e42336c763331715639727951774d7a4d444d7a417a4d774d7a4d444d7a417a4d774d7a4d444d7a417a4d774d7a4d444d7a417a4d774d7a4d4d623970756f3951444d44546d41574b465063695371727548696c4156657949676472324736743758324853347869644e344c536b4d2b6f382f4f6c4e544f514653536b7979724a334362377157733738756e7744796871625459796c56466b4b53724e4858784a34424a776361566f7665796b37636a65784242334c683271644835614f656979395658484a7730533146644c4454384953464333655775536f693172446b435745493172716256325770596158546c464c684b47716d544375726b503841616c4a494a394144614f39755a4a5631576642705473746f364763566c53684b7046486a6b57733853316e72556f376e3175577072385a505670714a717276653648396e706f5979516b6e596d774679713231793744396e366f7a316f7364516e453069685a565457704b54623947503569664f77594b69767865476f4c726c6a686a5142303265745478617231525959696a2f414762516e6c573169536d343630492b5a587548693566706a515745772f4255546f586c4b394f357171763079442b696e3555656f5838584b3245523033326536667853424c56303479316554784c717131496b4a50364b54364b4234416573755770536c4b516c4941534259414459422f5759475a30327239555948536549586c4e51354f4367706b374a4d68394b525835554a47366c6541424c433565412f766d616d776b576752704f4f564d2b7061326f696b6f6f5976535854684b72716c582b525044784a462b5a56743032717462647447714e5552795937516d4e6e7846484a364a794e556e2b30714858476a6349387a632b5469476e64414b6a715635504b636331524b726a6e714a6c6c613171363145376c687764696d6d4630306361366d4f367a757052352b313573792b42784f56302f4e6a6368515131644c4f6e686c686d54644b682b767150513633445532506f4b5a4b556e6531746e7335504e55394c4170533168495343626b37414d4f713361723254316d6c367562496166557575785679544354785477442f6a54346a667236336a756e724c783250512b326c4e6f2f574861506c77756a696b772b425562727955366247524e2f384142527a5766453254346c7a44562f335a757a7a4d3663676f4d66425069636a546f49526b596a7853544b4f35564d4473753538694f6977326664627a447959323658597171434667327553416b62766c3736384b79647970512b6b7555647076593372727334714a4a386a514b79474a5366517956456b7269412f54487a526e7a323853344c53314b56376357784973374e4d73536974524b6b7952795143492f6c32505558743471705459775341656c73556e6b72713869364b6c6d7351745369425a714f724b5a434341534e69443069375a6f376f32553854704e345a754650773155677a77486b51624c5235646232344b3749593846564e4961796d36556b656b504e4a324a3968385853306c54336c4b6c515046626668504d64646a30757a704a4971714c75314c4b5a45376f5544596a31756d6d534c43616b6f366733687150684a76724a7565483167376a3137654c6b6347525545326c6951556b62715438716e6a4f7167696d6b344b70463545374a6c543645672f572f644a565a6e476a69704b67566b4135704933486d4747524649704f4b394d68644f6f37384b44364a2f683565782b654f4d45336a4b46666d4376736355782b724b5762384b7252384d76704367536d2f306833634658484e62676c756b37334a34686277495957314b56416c52556c513650713339584a376361316e7738434856706b48434f445a492f4b62677666786156564e51694b4c64616a596343766551574570306c6a4458566670782f6752324d696874667154362f6f65512b2f5245697965424941734c4c74376e4738644a426a714a464e4574524352636b6f334a36536250567975664d4b557830314d5a716d55384d4b5641684a50536f2b41595765586e6d79646248674b4a5a3470374b724a4548654f4838742f7a4b356556333846555a7454785579416d5047775535676f5541624b6b473670423445446854344a4a36587255695a4d64516642393578566457524c5854587373495673664971354471462b70374f6369464c6a365771674355436d6b54476f67624953666b506b44623145734a64524c4864414a36754e506c30683251567731464f763671765156396a6a4f4f794b566f45673945414a6c41767953725a5139527537576171344b5571427677454b486b77354e65552f78576b363246503835476a76497a314b53654966512b50525751525659754b524b6877797043302b46772b664a79392f52724b53434a455841505861342f56363342757a75764e4d71747874397157596d4d486f5154634d4d6d354b586754547939416b435436782f493154613871763051703674596f56574e6b516737715278493878754878553963695747435253746c7037745867574558314973342f5764505744354a3656436a346c43696c512f716c4c6c324d71493437775839446d67396154796355315845717278794a59743676484b567849504e635a352f514339505475626a56456d475351684831464b356f505557452f71445a524b6431416356687a493678347655714b79466664714b2b414b4e3053443669763565703161636b537355793138457733695565767138692b4531556454484a50476745583461716e5058316a714c44513166702b6a79615656414170716f4464534e754c79364350412b7077536f6b792b4c4864545366463036447352634c51386753314531476a7570663754524c483455682b59443870385851317145546359536b4c516558582b746851785a39526a53706333484754387850506f4950556250663057596b3055513451704d4b6c52713677704a7439466e4664533045644e484c5054724e6966546a504d2f72647632665962566552524a4a545536614b6a6c556c53366d70756b465146695570356d2b7a444b6c486b4b57436e43754d474470546664423848775a6a555744376f784c6d544f564435557838642f416a7044344d586f7967706c6d584a31302b516c58755548384f4f2f676b626e316c794f6c6f364b6b6a7452304d61502b726941507459596c574b696d6e576342515a4d557056784a69564752335250506750536e774c764944716d716a496a77315a3651394c695345416e723365512b4b724f3655786f385679332b682b565531544b72385375494856476b2f6157474f4a744e617571552f6a5230564b672f77436c6e42493951657164445674796176553144466362706a6a763779586c4534366b473870584b522f704a446232422f425234344830594b634839793744456e2f64356b6f5a5250697455304d71306d3655537869312f4e4a76376e797a5565723853684d75517855565a456b37726f5a4f4d6764664351446232764b5575507879766d6869395562316c343545514a704a43676441484a686a576d7a4f4e714931492b4a376d524a494d636f4b4657504d623949645a6c4b364f4351686167415a416239484c6e36787338693558457731675569736f71616f767a4a54596c784c4c3642773953654a4b4b796a4e72586a5562653762334d49686f75754e4d4b714d33377445746950306558324279694c49647849714a6536556936542b5a42356a31633357552b684d7051643676473557437353726e484d6e6850395964506d48703557504c554d41545834326f6837766c496b643547522b384f587259577563686a7956484a546d3345506c503046786968787347566a4b654a564a6c6149325774427356446f552b4b6b7a45385154784b4b304a32524b6e6346506a346838575372316f72496376524543716a4e704541324571656b656243515532724e513471394a6c61644f546a6a477937384d70543167395072646a53646f75496e4951636b716b4a2f774b31504437466a6232756a70386c54354b434f707031635356473641666d51727051666f64586d3854523138536f53684137315954457133357568684e712b737163706d3461616b536b775579457946594e306d525139487a414276346c51385849636455773437484c707156664247535455315255415a564435676c5232323656636835374f4759757467674371614a59545155513770557646776d6f5767634b72486f514c634a563532334e785a4a6d56555538575372366b592b68565955797a47444a4c626b4b6545382f4261685963774f6c686444494b6d7145517852796e69542b4644436d3073694f73412f7a55663661374538337371576d715238504d74565945662b515939584443672f363259387a3175746f61654f53465563716b3436696b5047716d524d5654546e383038767a4b50686342337450555573464f6c464f694f4f465079386b6f486c2f652f6977387834696574702f683632534b6e6f68796f614f386356763031664d7633506c6d67704b436b37716b6968686a5473464a5341423541503071746a43627157434f6771324873356c365658556f503473774d6c75526b49536b655357464e58704d3555714562446e4a4a396a787a724e4e496c4b307947536155583243724235437a4d387369627953436e516552567370583771656267327045496768556f4a4d48467a55735857723164444447326c4c4931796b5352706a4b59306c484762574257415437773833593262696a48484741414f65796766574867624f474f504d3038716f355168524d63683779796c4a4e6a7a473433414e2b68354130396c64535574476c564e38506c7156506f38616b434b635736465739456e326574686d48425653524759624b43543070542b743857626d704a5159536e69493544356c6e395468324d315056634e35644b3542612b754f70515566533757484e5664536f696d7755744d70584d725550735963314d68614532556e67514e2b417133383739447463487179536d7176684a35766a716366576a394e63586e626d4877342f44777a724575556c565658332b484234592f576b626e317553304371616a5433634e4e5451526b573455497463657868767977306d567042496c535a457146304c472f45507463647947485845536e63692f6f6b394867663175784d58374f576137474a55756c4a76555571667139613478313961656e7a6474444e5456634b5a454c544a484941516f6369474562774d736c48556432712f446666626b3758503461444b5164386744764f473233532f64565149372b3662372f41436e726535526863586f3948577778706b63435553455452384b77514f584d7661783943597a364b515261784233655270364f6e7259796d5a414a3637636e567a344a555976456267636d4652516f5836436b6c56303766797532674d682f444b564878767a664848544c6956633354753968645248545536355a4f46495343535364674f746876556b4b687a556f6d3353393545477a692b6d3956553252702f69425431554d5255524771534f33476b636c416441505264794f6d79564c4c4833694a4f49446e7357484f455732666c614f64672b564d6946693653432f50474e77776f6372524b6b6d4d35535a436e63437a724934366731436a5a435042537561656f4f5656467546524372624f68794b665476775875646a772f54344d4e534f42434c7152434956676737443652794c3531512f684c435142786936676e3954385574504a494c796b4243647742794a39623561755651734679704b4f6a684975474562314371696c703178796352714976537346656b52316750466570443371316f54476b52713242523650436237623950723662645479487169494c4d7373456c68794b5541372b56763737504857646e2f4142564b71626942567969665968485143626374396a636233364f674d566132686b37314b35465363555933437876666b62754535785846507737457041753867612f574652526b7045556977744a6a7554776b6237582b727a654f4b726a584f56324a4844617a44546b58774c536f6b58357635564b544b535532747552366e723130557145676d2f555061376e512b4a6c7a4f6f38526949306c6374645851307741462f6e57416663772f5348736d6f446a4f7a445446415563436f4d545449556d334a5864707637334a33356851694b4a4d6361516c434145704136414e672f54417a4d774d7a4d444d7a417a4d774d7a4d444d7a417a4d774d7a4d444d7a417a4d774d7a4d444d7a417a4d774d7a4d5067536b456b4a414a356b422f575a675a6d59475a6d4869615245554b355a44776f516b7155656f446d2b716d55475631767159367179754c2b4e6b6c76384244554c56334646543350416b4a484e536836536a74632b514437545a4f6d2b4d78745652385a5233384b342b496448456b692f76654a394f476e704d41614b726a454e5a514a2b48716f543879564a485079327666714c4451305654556c55696f7061756867704b326d6a456754436e304a5558746358334242356a78442b616979644a5355307141414f41472f5273343370724d795675745a386a4446504f6d6e707059494b614242564a55534c734f4649483152613555646e4e3947396d465a6b4b7a397361344b4343766a697855612b4a4136752b55506d503649323679574550306468395861724a716350534967783346777072617852536864767941656b7365493238586b6254335a545151314b617a5564664a6d3555324b59464937756e53664646795666784733673869786f5248476d4f4e4b554953414570534c41416367412f544434684b554a4355674a534259414459422f575a6838556c4b6b6c4b6743434c454870447739326c2f6431304471365357756f615a576e637175352b4a783641493171363178483054356a68506938784d773644396f76594c326c3650584a5048512f375159784734716363437453522b6c46383439584550463471544d74453553734b51744a344a456b57554f676767386950462f71613466726a7377304c724e5370645161636f366d7149734b704354464f503430324a3964334a4753593853356d726f4452316b6b455041746153625774312b54754d506b457257684b6a78472f547351383936302b366451314356796156315055303547364b6649494569523443524e695057433854354c734637553846554b4b38544858516f4f30744e4956676a723246783748784c7072565a53704155465741324949756e326378366e703936714938615646435239612f456a2b734e7836772b484a554770735752445759717042487a414a75523976756461764b4a6a4a4d385530432b7370556776775731524f695a4839706752496b386c327550556f6266512b47425a6f2f77415367725a715a522b717230304f6e566b3654694b2b39514431685841723366614870314763674b794531435a46486b4c7055666f75776d6c4c71544b51323779436e71515072777a474e58734f7a6c326e6459706f3454563147506e56496f5751466d4f36553964776f6333416448364a313171695a456d4b30746c4a36556d2f6571703152526e2b4a56685a3573307639337a56745967533536756f364c704550475a41504d4a2f5777306364713670793930304750714a4a4f6a7656464d5938536f4b4e78356535384e627250473662557559546f7a47626b495374593370365944724936422b52507249357564316e33643679736f2f68357463314d4d664977303947493479504542567a3679586a2f572f33663841564f6e615264586a73702b30714f4d5855593453706155395a514c47336b537775744761716a6d6d6c714b6d72565653547234716d56514870333243674273414e67414e674148503056634e5a534c6f79753471594652632b6c504c33507176464671545439516d73687042565577334b7156586549556e7032356a316933693578684f3049564e436a345664716d42596b516c5779747559743132324c444b756d637861595564517238534e613665564e2b6b692f30372b7433497a693034364d4c574f454c4e504a666f2f4b666f65464b2f5653446c6f3831416f78685a534b7048562b5666714f78636a72737761716a6b584176304b68495050355a453768686c656c7a776b784b4c72737550592b6f372f6134677649707875753031484742445670456178356b32507150304f50346e4e706d684b2b5068456f4a554439565831683976724c304e57796d57685257514b50655539754c666c342b5853777a7251354d6f6f304c76386b6e436f64573730386e562f42797a534a555453536d3549483830727838504678505375646972384e484a4a4c77664552676b39537873666548747a5a59496e2b477256643070517369554830562b48386859574d6d534d73694a593568485567414a5866305a4f712f5566635856354b424d69354d6a6a30694b524976565531755676727048324f757145436d6c4d5571776d4355336a57506c44345a717571704b324e4b70776d5569384d6f562f4f6a7176306e774c4465475a6971615a4d4d732f4374412f446c4276772b665748755575626e557676774570726f624a6e5344744d6a6f4c67756f4d5a567a4b585834636f373335704945717463394a412b7836756d3870553543654f6d52464d4b2b50304f364343564b48534347475346352f68544945576e6f35506d5261366f566464755966724677535a64526a705931544731307a495043422b39315078674e46726d50784f56554968652f41672b6c35465854354f63304168706f525330454b45495473457047336d54306c6857347a533144537254565a4a5172716b4430654957516e79385045755352695251346a5a4355394e72424938423066543550686a415372765a564757546f2f6b2f573971464865454c6c7459636b39412f57772b7749494a4d53436f6e3679686233663837355447534c79796c52367237503675513274474c2b4a6573704b6c483853552b5357477746524a46676f422f4f2f6a3564356677443449346f6754364a4a5035692b55656a736b5759657538527a456131487243663176306954394351655a4434796f6a596b50346c512f4d47477746416a644b683576696c695152784a4a536644642f416f443633756644496437385a42363248424e73542b4c43733953396939615351704242675552316f3949653764374b705a5266307773645368663658354d71656171654e523630707357466566683171756c58417678322b6c386f694a545a61515545632b4862326837425654724e6c426166336a663658355448436c58464571783630477859526a4c3648786c634a46775266427a713337794144632b4b6553766338663668304c715367524c4a4853785638484e533659486946756b6f4f34506c64356c794751704d5851545a484a31744e5455554b654b61656f6b5447694d64616c4777654574622f41486f644d3045793648526d477174523153535570717056476d7062396153515a4a42354a41505777684a71354d5a5753534b53754e4b694255786b572f6a4855523777397657655a6a78794d5970616231456b69317745794243454b436635776b6b44305170584466594b7366717542617431563269646f46654b724c7a3032506846776d4848556f67414236464c4e3172395a663344364e34314263364656456e4c6a6c57566e32717557456c704f30436770355578304e4c466e713143514945456c4f5070794f52503171676a6f4141514f7452336437684d686c736c6b6c35484c5a4a64546b4a4f616b703456572f4b6e692b5250676c4c3063567056614569394f6e683651745667356268736242544a45666570542f717159632f3676326c6864347a34694d416b5277672f7742592b504576663249396276614d4c55654d4252562b63676b2b31572f73733948483036304a2f426f2b372f536c49487544736f715a612f35325663702f4b6a5a4c446d53744157624b3435503042784b39764a2b7a4772367646456f2f5876784c395851487a553850416d3343454a366b6a37587a694253743044675377713130734543564c5367495564797452346c6e316c784455644f695243316f5352317255622b382f5935394c4168494f334772724c7063706a307a67726b4637644a4e2f63773639613070706f564761464a346b4b346b656a62636672636a306e6d5a4d4b716b7a4566346c425649523857676934546357433765342f38414d2f7661646570456c4c5233516847793545387a354f6b374b79715847314742713144696f5a436d4e5568754f36554c674c2f52424a42504d41685831574859584730324d7945635652544a69517552495743434c4b4236516552486948496144484941345a59754d6a704b396e6750475a6e4c3646717a5353777a3157444b376d4253654f536b55656644316a7748506d4f70356730547172443532685455343272696e694f784b446578366a666348774c4357785579554a4b49306f514f704b5872314e46494153684b504e55514c356f5a7765617a59654f337566504a456f693454627a7577706b537a30736e4559305735486751523972347972344b56645454385877737034704972667a616a7a555041395074652f5651685353465245654b564f72696c56444b5969705152306357345958614b6b4b694156756b6a596a3658595563694a592b465248454f66694f7478714a6677396b456755354f782f3061756a3148334f773778634a43687a484d447044433851697976524e39375059543145644c70366649527141333235766569724532352b4c446d6d706f3545376758635a31726a564b303358706a42554243536f44705343436f663151584a6b314346446d47564968594b534c6737575049734b536870594a364d393241454c54644a5431486b346c72335464565535576a72455a374b30564f694c753078306b78516b5343354249484f34362b707969474559646161554b74524b56616d576671622f414d32662b45394932356a66597a55636c52527045425233714a45794a53726b736a3670367268686975665847734d4458556d4b6b7830475370355a6b786d726c4b6b7a49535476736e5a5248587338697a5a744b4f4b4a556b715a416e695749342b4c7530394847726b6e316c3852774d4f57726f63717152494546374949335372714936434852464d47704e6272307841502b674d49553147566b2f384157716f2b6b69456e704132576f667568686448495a656d5833363147746f6c7075596a4433637966306b45624c323648796f79564c4e54706b6855466864696739626b57515244565975654b4a61557134435546503146414778486b58414d5a4e6150764a5542434b694b4f7034625734564c54365676433476363246764a554b4b436b6239505877765771464b697046794a5543705777356d783851394f53362b4d51315169456733494f344471383156476e6f4243534a4169355449543656372b48517770633558564d654f7146714b49794662417134626238306e37443138336a2f4b4c57616c59693434716d564a5048434f4a4331644a56313346726a3175545a75536e4a4a6e554f456a30674c6376486263383748647779717249344b6b5443534e66436743796762473277506757454a316652314d4e54655a4b79684b6b71414934674e75692f527a395468315567526c48417269517446776f48712f356e6b58556c624855302f65704b56495744477135766131724478493558366250484e594169366f31676846787577716376494c574e7952306e596b64447a68397954533337613755593876504878552b447056564e314462767050516a486d42784b3954775256536d716d6a51514c2f414679423150384151443771476756364a374d6f716975694d65557a4a5457564b547a6a547732696a3953647a34714c444c7a4d7a417a4d774d7a4d444d7a417a4d774d7a4d444d7a417a4d774d7a4d444d7a417a4d774d7a4d444d7a417a4d774d7a4d444d7a417a4d774d7a4d44703835706641357155545a4c4852545441635065416c43794f6f71535153504e33444d4b7654326e734c674b637759664851556146664d554a394a586d6f376e316c326a4d774d7a4d444d7a417a4d774d7a4d444d7a44587261476972592b37724b534370522b57574d4c4876645255364b306c55416962546d4b57442f7743624a2f5537396d4550563258396e6935684c4a6f3343534c42754f4f6b536f58386a73377248615930356a6266732f4159716a747937696a6a52623242327a4d46677a4d774d7a4d494672547375775763584c5859394363566b6c6e694d73535077355664613063722f7043783853384a613030524a6971674931506949593771744657692f64725052777a4a73704a3846622b623756506a7159494b6d4264505551787a517944685848496b4b536f6452423249596450616e514e4a55776c64486b5a364f52517545314d596b694a2f665259372b543073626f7a573942785530554646585570486f6d4374535462717371783964746e32517a505a526856725655616571366e41546b33344966784b5a5238596c62442b4570634d79756d3963594a616c7a6164707335536a2f47785535544c62724d53742f59537778424a6939565975525571734a6b4f41377949376b38535350724170754c2b577859316c524b673253596c4b42426a6d5155583678592f52374f70354b6f39646164677144535a436f79324a716b374c6871344649576e31455864354671585431516938576f6538485278494376704444414e506e4d72707552583453366a48534830346b7234696a7854302f61354452367a5455554368336b30314972613552636f505676795067586d54397134617069344a4d7251314b6571576c517237413955552b6d456b72376e42413879666759372b38734d55556d70554b43715a4b3669564b746b70767666796367787442716a4d55666352592b566449643779786c4b5234685372634a386e6b474c4a34696e734b6165464e755170714e43543755705030767a4c6e554c4f776b57656855386f54394a4a396759566d6e644731455345727a4752536545374a707a645a4855705a32396a6c6d506f38626a35354a4b4b6a6a6a6b6c74784b41394a666d655a645a54564e544f622b6d6f64555353423631712b7832464d6544357045525835705236536a367977754543535733654b736e71443334516d4e48435052535071394a383356515432466f77522b6b6479587a78547073624b76313954437a544b6b4739337a7779676e684a39547068557034374a4e7a316837644d745235486848765957366c5854596d7744386361456a62637668694b4c584a755836456951536243374436465348355567447866704b466e356c6e31507956715679442b6a6974757068794a686a356b33506958797069694831512b4a4843507245766d537050514c73506f68692f4b48384d4d6472574c354279365839494e766d555055474771756d67503144667a6641756e5261322f72652b554c4232556c5138525a3165704d7a6a74503471624b357174704b43686848707a544c3455333668306b6e6f41755377346c3036723351763158654b75317a7473775768355a635452522f74375543646a52514b7448416638415853432f442b366b4658674f62685061563279366d3158336d46375063546b63666a31676f6c79613475376e6d53663947464564305048357633586a2f54335a37555257564e524a4b7962714d6979736b6e6e666f39785955576f4d707258744d7a436176564e65715742432b4b43676775696d672f64514f6e39496e6938584b6450364a6970454178306153656b3866434435394a39726c324d30785555385934595541446f32482f4337326b786b3167506836645868784a4a5955574f776e64577444526f506c7848337552342b6a4b55674c4a74314953457661676f4a347a765371543552582b68326c456d534d38796e7a6a495961315052785842464b4648725567724c7471536d6e745a4b4667645359676c37744a4d515053714150345339364f574d2f77446c433148794c44677061453746535435724f377359616177355838672f4552563951534b2f686577424d5236616c4948392b746839456145693667504a2b53712b7832423542384531545478333471704174316d35656a4a6c6c584b614b447646482f45554746704d694f4749797a6b4a543158634e31426b4a613072676f37706a3547543741374357477071564656584f70562f713856672f61714b4343486a57534f6f384e765947474f7372682b36695573675874636b3941654e634a49764836787261716d756e7534307a6f4a463739325478416a70425170594936513876617971416d6d6b6a466b4a366a7a506e3176476d6c497a50716965704d5a4e504342484a49655870473332734d70793056486c735743492b38684d59484344784c68467269782b764861784867344c6b644a564648572f74444431736c4a56483561716d6b3446713844304c486772667a643532615a4875354b7a5464584a777a343964716154704d4b6a644938514463654872637a7138634a55535339794a4c2f7a69597a38336a6270507638414e68444e4e396f7571634a4b6d4c554e4d6135434e6b56416a3450587463412b703558774f7663446b6b52706b584a537a7247794b684a48456641386a3533634356695a436c526848785552366c4645673844304831766a6f3659306e464771497170316650424f6b45487938664c64686c39645445704e30716a41364f6d2f73646656525171555a42612f57484171624c3165446757597855566550516b714d527571574c77423571486e76394c75735055316d54706f367571794361614755635361656c55464733365568366633574568537043493149555571535259685853487243714541376f723434655346587677654238504638415251787142376c4369447371556c6176653158555559547845524a413662414d456b366f6956495664423665702b565a6b77376c537258357653584c48774b4d5356424a33366b6e32756d7946536c4356584e724d4a6c5435775776336e766537426d347a73566a6e747538503147645447466a764567446235756272447132667577616461525938754c63734d39535a476c6e6958464f59317872545a53566267677573724b695368423775595430747672456c5342314b36626453755936623833673254584e577557796549464b694c4538746766734c334b485873366f31393549554c41472f5152666f387572784c444b4f557061484d4249714b32746f356c4a734a4b657556537953447134676546593864336361596f38627033464a78754f6f55556c4b46466131535463536c724a7570616c4b4e314b5053535869574456395159355678546d464b2f53484259786e7a5362672b646e75306d74617367474b5768346b3733464c46632b5869777972575a4a4e545454515561307877464a453961665268695430384a507a7236674e75733963506d79465055354753654f4d49684844484447734734516757547431394c6a46586c38686c716d4b5376715a7034556e35567963494150556d317657363272712b36727a44534a39416e30694662447174612f68304d4a7256314549516f6352424e75636533506670334c696d6f73374841706341544156432b3869694f48727542666e347656796d6f556f674b564a4a56634179715562574832754835576f525055384d557134306b6b6d344255622b4c44626e6e696b536c53354155486b6c495636562f5736764d54553570354f37525478794b5045704158756f58353249743672765572386a47754c2b635678494a417562714a747a7558454d2f6e7968416937323669726e31426877616779496952384f516b384b376a6746756c78334a5363464433696555684a33472f505a2b4b7170557552525773324e2b6c796e736b374f6451397032704559764552474767707944573179306b785579542f6d57656849352b41335953723770335a54507266574b4d316b3666384136417855795a6167724731524b4e30516a72364372773236583332477a7064443659784f6a394c30576e734a5469476a70492b464e2f6d57723679314870556f334a50693770675a6d59475a6d426d5a675a6d59475a6d426d5a675a6d59475a6d426d5a675a6d59475a6d426d5a675a6d59475a6d426d5a675a6d59475a6d426e356c6c6a6869564c4c496d4f4e417570536a594a4857543050457574753372532b4a584c52616270366e564752516f704b614c2f6b385a2f536c4f782f687577796a6d636e6a385069366a4b5a5773676f71476d515a4a70356c684b454a485353584764483971585a3971374966732f546d724d5a6b4b7770346b77496b345a464470345571414a743458733845616b72653062746a6f6b347a4b716f6450344d53706b4e4a5270377953565354644a6b57726f4233734142793532644e552f643534565256564c6e61784e56436f4c696d5365466146446b556b43345069474863466e307a713575327a5155676c776d754b724b52492f77444a3867652f515231575865337149632f375050765055736b794d62326b3665714e4f5641414279464f4654306931644a4941346f2f365138574859316e48744f3635306471476a2b4c776d714d506b49527a5644574956772b597663657433386130534943343170556c51754641334259656d5a6d426d5a675a6d59475a6d426d5a675a6d59475a78375565754e4a616442475a3142515569787a6a4d6f564a2f55546458755953466e676e56763369714b5076615852326e4b2f4c5432495256565137696e42364477333778513953664e344c31727154745531717556476631744e52554d6c782b7a3861684e4e45423147796970663841456f734f326d7375315851326c654f4c4935754f65725474384a524956557a6b3958444744592f7657654c383539346e4e5642576a53335a356b4f432f6f564f5658335949362b3752632b726944774469644e564e48456d4a47597a58414f68465149776656772f61355a694b624e556141716979396167395662463371442f41424268653150614e327a357553524b6454305749516f33376d6b78794571534e39754a5955587177723754616d3864543268366a576f6e694b59367268507341536265414c74385a7146554a524471624251796f2f3841584b55652f5a7a2b6a7731445834364f6f6f6c5256314a494c70425070443931584d46686975757757724d35514768796d7038726b36634b347543617155745149384633555034564f735832625a4261534b504e31394a4b4f587979432f6946446948746559786a5a6f5a46434a4336324a487a4a55416d70694830534433766669676f3669454756496c54304b4134566a3751574858657630627233484263694d6c55314b4276336b45434a62667649747867655155366d48564f724d564c777a6a453171516266695272673476446a53624a50677049386e32625852784250434a524b6e6f544d4f4651386c44374847395561536f4d676b6d72704f39754c42537742496e79574f5938437778566a65314847775369505036667238576f2f77434b704171596a3467707562667776496d6c745634484c78686548792b4e6d48536d435643566a7a547768513962676d65304a5659394b7632634455307833376b6f3472667745372f774548774c685658706e42317976375a547830637850436d552f7741337864515859464a2f52574157485a716e6c5571786b6b4a4869564632564e4f6b437952667a736b50716c4c706e554f4b436632666e7378526348383259613256494871347246374f4e3144326d596771554e587272453274775a476c54554a486a65775550617737566971557058416858462b696b625057794f6478574e542f414e4b356169704150717954424a396e4e39527454646f506170552b6a585a69524e455261324b5169464a486a62632b3131474a7036504d795771736e557a544b4e31527a7a4b436a2f435476366d48616d76375a657a33477946427a61367066354b536c5849543637416539363876623770434a4b785430755671566a35554a6a6a5478622f766d3373654373627054476f534f42454238795864306d42696a4134496f37654379474752366e37784d794173554f695a3543506c4d396477672b78462f5939534c377832566b57417653456c496d3370474f43616f506862644163626f4d64546a305655796a6238736c336555754d7836766d69576b2b4b57486b2f65527a38456f52555962426f547837717156564e4f536e31704942395a636877663367526b464a544a697346496f6a63552b6f49372b4667744c717a684b4b524e6b725435485a3157533044687135422b4a786d5071722f414f6b67537233374833734d77347a745678736753617a425a4f424a354b5250424d6e334c446b5644326b614f57507838684a526e2f7a6d45704139597548314c7a585a48685153614f6c7136425a35436b7143556e2b42524239684c69746232663553686b4b614c4a7171464a35517a70495837465756374c734f394a3753757a794d48766461616669736248764b314350704c724d763230646c754e68584a4a72504631536b69346a6f704455725634424d594e333068703430553077677a4e45494658747872546442395a47336b6265626d7545786d4f576b434643456459344f452f713937444c6d7376764f3079495651364e306a6b367959374370794b5577784a3851674b4b6c657668654863767158572b72736d6e4a3569464e62554a4a376e347156526a6748564845674a536e7a472f575335565434434a5351714d385139726b574c772f64494237704b67504268413642577459624c2b43773071667971676d482f47372f483576554d4a2f744f6c63524d65754b6552423937794c6a71534253414c684a366937534c466f567a676a582f437767744871576f516b476f307258786a70565456416b48304f336f395559475379616d4f74705664565253334139626c63574a703737306f48696e5a3763654867554c656d504169345955744457595370734b664955456c2b676e757a37336455394447744e3052334858484c6636432f45756b38664e666a704b61532f584741587744526c4845726a70785630717575435a51393132466d6968413553546f38796631766c46484e623061746676656c5434374d306f3461625555316879545652425939723245793672692f777350576a39456d4d6c68796d6a6e74765853657776675851676e303579732b4f3739484d5a71472f7741547068524858444b4650686b3154436b45564748723476384136642f7359666667596b395138536c2f52464167656c496f6a71414351362b6f3158524252416f61346a2f71587079366b68574c7834327355663841716a2b7068644b6e54454c7870536764593350744c7063786c3459494679456771412b645a3244304b69624f56774a69675253526e6b7156572f73656b634d6b534357746d56567944653331574559796161764f5372556c536f71626b5a4662635435386251307450436d6a6f6b44346362534c412b636b63335a357859556a7530384b4930394352594231564c4b5370434931384d6164776e705570685135464d6d4e3176697176764f3756507855796c387271473476353768356778736c53716d4370497538322b72736f6554785a32695152795632476b4a43556674474c6955546268437469586c66416c63644f6d4d4c456f485838775956315345716e57756e71454a5564796c59732f644f756152596a71597a59394e77704a65376c3461615652584b695069485069467665364753614b6e4b694645446533703359627867524373716a736b6544705656636d4b6b6e6c7052773034394b534a4f775057553952384f6c3674666b356743766a37714f39687862715566414f2b306e326161717a772b4b796453634a5153472f424a48785643782b37795436392f4268454b6e57713535466d6d6b6b54416977564f496972314a48326c374f4f31484a5753415547507965536e50496942617a3768595050476e657a6a53574751676f78694b7964502b505748766c4539646a36493951446c634d4d554d596a686a524767636b6f53414236677736374a6f7465566774546152797151656d564b59782f5349656e6b4e44397131536c536f645052703468747835434545657269665a697a4d4f6e3256374b2b316b494b76396d42494371396f713642527631323467346a6c4e4a362f77414d46545a505275636868356d52464f5a456a7a4b4f4b7a3733745a682b644d755351755a53564b5769524a3351713656447a423361484b726a55456b6737383732507466664c57576739493676674d576f734252567972656a4b7150686c522b37496d79683758676e58583356346c643556614931464a544b35696a795137784238424b6b635139595635734d4e556d6655415546537542573574305064782b54536d6f55554250705850704470383356616e374c2b303753796c7179576c4d67754246373146476e346d4b33586446794235674f4b525a68556378524d7349574e696c666f7142385164324759344d306d4f44756c544a46303830702f765a31645a6e4b6c4e4f6c415751417133454e6a374c2f414b334136624e3348704c755041683745325a51744141356a6b5357456c71736e4a4e476c456e46494152612f723364644e554a6a507a33367a786232384847366a4f574a34706b70485263763169615455476f616e3458413462493557553239476c706c7957387942596573734f65747a525247744a50506b52657763507963385533464e7678645a504a35763074393272744b31424e484a6d55304f6e714e524255616958765a6750434e46392f4171443743396d6e3366657a3752706971354b4439755a534f782b4c794143776c5857695035452b776e7859645a75785437766d7174664c68792b6245756e39504b73557979782f326970542f7130486b442b64573355432b3747694e4b345052756e4b624161656f55556444414e6b6a645331486d746175616c48704a643242626b7a417a4d774d7a4d444d7a417a4d774d7a4d444d7a417a4d774d7a4d444d7a417a4d774d7a4d444d7a417a4d774d7a4d444d7a417a4d774d7a786e327364722b4330656d624630553950585a3043336347554a6970722f576d5879542b373878366d45723170726253326a61524e5471584e553250537638416d304c4a564a4a2b36684e314b3951654b3837322f545a48697064416157724d684b725a4e626b6b6d6e70306e7243506e562f52654c71504b302b62796332587136484a61757a56515265634937716e52592f4b6c532b53522b6943357469644a613679384b5553564e4a70326b742f4d34365038556a786c56632b774268573565677a475a694752375639646431524c49554b4476425430336b6d464f362f5878463657557a574f566a56346e7337307655564b796a67545831554a676752347053527871396765536450396b7542783870724b6d425662566e64565255724d6b68503779726c79455933483042736d474e4342793542683179772b4b37617365654f6b795750497666753155646b6e313375375049617437634b434475367654754f6d6a356435537156632b6f764f6c586d4d465277714d3956546f4b4e74314f4b5a58586543564d4549716f564a47317751777768503268352b4352527a6d4172347a39596d416b65356f746436547949376d745248476f697845694c665338787861703039554b744b71416a715541586f35696b30466b2b37585555574f6c4369557175684f2f6977776a6e74456146314568557449716e696c56306f4942397270734e443271396c39514b7651327071785645686647716a57767649562b436b4b756b37655238586d484b396d2f5a375563556d4f6b566a354f6777536b432f6b343357615079474f762b79382b4b6d506b45536332475565786237306d6e395431744e7033584645644c5a2b56516a5175516e34536f576472425a335154314b323858324a424236582b66476f394d3164596c534d686a716558394a4933666a54656f65307652664648706a5632586f36662f7742576e6b465443504a4d6f554236724d50304b6134665134397433626e485679544a315254656d4c46437362435544784174732f6837592b334f6570524c4a724a4d566c425844486a6f45703236434f486348705964386d754f74394c3039745061335552684d757273525364424b4b4b464a2f70582b6836315672725857515571577437566c786c573552426b6b774a4871696876373248646c384e565630744b6e6971616d47424e72336b6b436476572b6b676e31446b6877793639794663434c57696c79645970515052594b7366592f6b6567387455677267772b70713071763666374a5442652f4d385578535748634f7531747043695370565671664452424975654b746a76374c754a5a6e7433374d636278442f614956736965614b4f6d6b6c39344676652b7555665a6a57323471334753512f6f5456795a4a442f4247564165313264446f476d687478596d715552794b776d4e492f7257595a56722f764b6159344c596a415a7174583064364934552f77435a52397a6a4751376639645671794d4c70664655735a4f786d4652557148734341363244546448547048485330385a2f31746647506f657969687869646c56326d34774f596c7961722b784e32455631526e4f315857524b4d726e387454305a353075506f7a5478456452736f4b5636795845702b7a4f57706b37796f566c6976392b654c364c683566696a77434263793457592f2b6264394a6631765970367a41784b32515545666c544d6e36574748543256775378424336764c49492f384176435836464a657844325338455a37764b5a537748524b6864765677336562494d6a683167413169304139456b68503068324e496e43536e304b3268382b2b5344394959594a6f757a334e55613730575a58354c70314a5074422b78334648684e583036675579556b6b6735454c4b464833504f55474d6f4a2f5168716164583773747a376958394f6d6c6c65796f69443072422b6d7a444531506c7171674169314468354931486c4b67374b396d7863753032694f564b716e536c63457a48306c30536a364b2b735750492b4963794f6b4a4a49794a6152456b5a48314a4f4e4a38306c3136757a624768596c706c31474d71623353754a5273443548374c4d4e76445a436b79783771654e64466b49766d6a574f465138723877392b737030322f4851416f38706b44592b5964584e7058567367434a36366979435548384f5a6430794431675866316454714c42784a546d6359756f702b5331526e694b52316739506b77355677716a4254496b4c6a505875443633706b53774c4b6161644a5365634d77756c3346484a5431744f5a38524f69614d2f4e476559384344794c385451517153524c546d4e5853434e6d455a79655070616939784a6a5a7a30483034562f7163523144705a4e52787931644e6452466a5551626b6a394c3877384464354c6b68415155777a4a56476563636f7548577930795969567871464d72394355464a39525959585667733169554b2f5a56544856556e5454794a34343764584438795055626544725656474e5774534d6851316d4d6b483134443373642f4b31783677387a314e4c51564b794a6c524a6c2f3073466766576e6c37484838336a4d66454371706e6f706b39436c6e685577786a4c69635458584d4664517a4c2f4d68666353487a42324c6f63336f4d676d514a4b656b4b56487435376653486b476244525a796f4e48702f54315a6d4a783878675165375435725636493972733658736337536f34524a5231654878535476334336755758683843416b70396a4443676a7a6d4d49534b6c616f7879373150656f506b725a51396433623437564656542f77444c4d614667633549464651396e4d504c7366597a727164422b4d792b6e497a30726a703556653239673957703742632f4a596e574f45697431555a3238767841776f4e4f366b786c65416d4f574d4c503146714150766331783467576b4567707679345336476237766561554f4a657473597058516f55494876377937334d643251617878582f49653058486266556d7053552b7a7643776c744c5251795774494c2f70707537536e773868462b3569574f7443374833754c30656c746677486847704e4b31437830464d71622b776c3346485139714e4838734f6d61744935634e524b6e36554d4c4b6f78434f364b5a5979456e6d466a623751342f6c644e7879526b522b696e6f537450456a3158754236724f374754317a41502b6b4e4a306b79656e34537442503949423664566e6b523731324a7a4f4c5053767543744938796d3474366d45437a4f6e44774b687171454b6a554c5748704a5550492f59345a4e69367a5463346c6f6c4b6c78393934704362772b537564766f386e6e436d6e70736c476f30565a5356364f536b786b425938304839546f733568347a78455279303978592b6a78526e7a484d4d4b5054436f636e4171616d4a5575506156414e70496a2b6b6e7136694c677559346e69536d323071656f374634316e78745a686131466252714e5077473063364e306f2f52505767395852394539306e6d34736f54445552696d723043386b64396c4438773678377830734a665255384536626f414a3651525968324e5052384a3946536b76517049776247354248534864305a6c535053394d4d4f536e707072624b43764e3730455577356f535838707967383032646a544a516467574879464353505468397a325530306175577a324959556b664d2b66346332325577305452582b6f6c51385139656248517142347156487144745244494f536e3557695958334259522b5848784a76776d61503930765758547154734b745238466f7537365953674738562f4a364d792f7a517148715956456b43794e6c514b39566e58314e4b736b335446366c463373693064515435706568565352432f704268484a347543344d614152303375367172436944365250674866354253436c5669433653704b7247774159523349303558736f65535136364434616d7142476f386451765a49413254316c323963706151516b674b5053343757314b4b4f35703039354d763053767a50494d504f70497856312b496857674c6a4e556b7253656b414b75486b6243514954416a7556715677414133352b767265506c4a4e546c4b4a4b686378725570525430454333306c7a366752494b594b4653704375667933596332576e516d4e535436523669676b4f463579754549536545475261776c455561505356314a4136795859616979307142384b69716c6e6d57516b527870414a505674637566646b6e5a334c51564d65704e52526735433136576d554c696e422b73622f41462f6f382b5162335a506f4e654c68546e4e525252545a6d5830346f794c706f306b664b4f746657726f3544724f526d5a675a6d59475a6d426d5a675a6d594c4f7279756e4d426c564b566c4d486a4b3471356d6f704553452f316758614d7767645a324e396c39584e33303268384c782f6f5163413969624238582f63703256394f694d51664f4e5836336b466d4558772f5a336f58454a4178756b4d48546b636c4a6f597972326b58636c676869676a45634d614930446b6c435141505548375a675a6d59475a6d426d5a675a6d59475a6d426d5a675a6d59475a6d426d5a675a6d59475a6d426d5a675a6d59475a6d426d5a675a6d59475a6d4231326f383569644f34616f7a476272346147687030385573307073423144724a504941626b386e456531667449704e4749464c456d6d6c794334753955616958676867515351464c7436536953434168497562486b2b763254547244746479384b73726c4b7759616e6b4b6f347a4749554c566133456d4d664b4c45324b6956626e634d4c2f414c517533334f61756b6d30333258347573706b5358524e6c36676343776b3745526f334b442b6b6653485544752b4c73793747615a4d51724d796b3164615642613179626b45376b372b50547a65513944364678576e6146455650536f54776a63384c7673726b71484255636d51794666426a36534a50346b7369724a74316566565a6873345854324d78644e48464241684a534e374a647369564d59415463645667385254397264526b564b67306c706e4a5a42524e68553166396e68506a62645a487144316c594c587572647451352b576a6f3138364c4833675152314b56383676576655776e7573653072536d6d7771477379534a7136336f3056494f2b6e506877702b582b4968344b7a362b3054745031464a4e424a56594844493947436d517238516a705574513654314459654c797a707a73327757475261436a6a53656b384f355069656c7a4c4459366e70447778784a5152344d4d4a34547343453641724c3547747154303863796e4a714c734d3068534a43566d7157657455716e6c75536f68703063536c705262726448565a716d53713365673376634173496b6e73623072476a384f43546e7a4d684c3879396b2b6d595537523355656c536950746433555a32534f552f446f56496e7176732b4c346a4c567169595946432b774a44436b485a767078425646496c6361756156685a333954316b364a7763594a433541734731754f39336679344c4f566168385455684b43624467356838734f6e56553643715771494b65514f354c4347562b6d4b534f4a59697552626d5464785449365876784777506b486c71576b3774425248537257427a55655a4431344d5971704b7a776433316a7159594c71744e684b746f372b70386c42703853566664706d7034316a59706b55704a397153486d6948546342725664364364374157664963446871616f574d6a53787151547a56474c2b31684338526f724e4c6941706a44612f6f7169794b776665685164736a526d765954656a726c6f2f5256584948762b474c75704b4c5136564868714d6e534b2f4e53726b4676486134627638414530316c5558614271756d333243364d7a7039643432476846706e74513453465a364741486c65746b6b74366b774a2b6c3855326b753043552f32725655674853494d63745139616c4c48304f335271544c5270507765756c3161522f77437336586d492f725267506c6a3156715352417656593272413655347574697638413053776a714e413575556e347a50563871656f70516a375339694473346f4548697145716e56306d53564a2f346e645436717a3861663841324571572f77435245365166367948704c31706d37324f6c613465504362653842687a556d686352456f4b4f456f4a75727645425875733769485374456978474d6f59774f516a70593976633656477138737263594b6f53547a3435416e37587452366c7a30684864346d49692f31707957456767786768415448547241366b634b42376e75513439612b634a743479336362546c7454723555644246346b6c5439386572357765477468692f63694443547077314d6f336b7059764d72422b783855326d63444f43696647303542356b496a4e2f6334346e433671715035334d5462394366522b7838714e4b5a6d3135636e4d72774d71683944446371757a2f534b77534b574f4a58356b454949396a725a4e4955564353636271657170466a6b6c5652784237413072552f77434b4b69547249577051657a42704742536653685772774d4a2b31685852562b7063657267476270716d4d63754a53565848747539366e3137553078344d6a525279676657686b73543669396c4f6a714c634b786b636e373059444452564546582f414754546a2b456e3757466a52646f476d6c5138556c524a4172705374472f7566465561796a79614a4b624259756176754c4653305752363737506e78756c4d5843516f34656a4a36314976623275523064484847674a43456f534f534543774444486b6567636f554b794d5659696d794569376d4f4b34516b6452505358785a434457574c70564b716f344b6d42414b6c4b565932534f6b6d2b7a796f4145697744694f61582f414c53355934616d6c48374e7069463543564a3257712b30512b6b7349526a714c564f65516d656e783659716459756c636834426236586230665a705055486a7965555743667151443753386c52434f4e4359304a43556757414135422f53744b52636d77595161447374303441652f2b4d7146646170696e36487a55335a7070536b575a5534794751394a7146475144327557793161495931534c4953684975535334546e3879764b4656356c773439484a4354597a654a36677733616a4b30394767347654564846557a70324b6b70434b6548784a483042316c52685a36314b6c5a4849314e584b72357253716a6a48674570493238393377306c6342534a69674359554863634973415044395a652f53794a4342773255507a79453841387574685472307269696b69656e686b3831725566387a3434744b34524368334f4769556f63696d6e50306b75563038394f6b6231425765714b4942374156464b4c63465752316c5953776951306c6a566338484150465341487731476a634d7264654b7052627073356f6d6c7056413853564a38357276372b7a3641692f647055657372757778374c6f7243486c53526f742b565248304636713946346b584b4b697569562f71362b5249396c336b68574e6f7a736d4248395a38556d4b67507978416539686a74476b356f72716f74515a714a5935587152495059512f6b762b32754b42584657306d556a482b4855526432762b734e6e506a695344644a467571316e70316c485552495041564a3878634d4945764e366279684557726450664254704f30345278634a3677744e6c4432757a70744d554e664478366331614a6f7a7967714669644939746c68376c5844464a784a7171534e59365649483068787a4a3662704658714d63444849446538537546515963576f4e4e5a6d686a6b4e546a795545454b6c6f78333053782b6c4766534876634770594a49366c4b59566d4b6542584642496e6d6e773333395235687a5744566571384773493434386c436e366b34345a41504e32314e716a5257724956306d6f4b4754443543333464515533344664423468763669773836507a6b655248776c536b552b516a463152583257507a493850446f63796f376442494c78644a51585759784d6a34716d583645304b37325051744a3669484c4e4c616c54504b6e4835573046594e6b53636b532f715067776e644f71344155415876516f516551645a4278446d4f4944716531464b6e6f55517774496b323545765a6a5552395a313845703646412b74375561795275474730466e7242626e30506734683150344667644a44446c576b57356c3673796645506b4d702f4d2b475754593758596146536a593234585531615276644b44366e6156556f463770645257546978415357465856327362526f38335135414a736271486b48613138685865774939627071697775534c734b4449376852354a6354724a465231616548684d6e31556e6b6e784c6c47616d34556d334f327a6871344b32767973574d786c4f757179465572676a6a547a337637794c323667435377756345744335564c577058475145676a326e336c3230382f655378304e4e4a563164564c74485377586b6b6b38674f513854733548706273637a74517450376172686a4b5a4948456942535679723678635843664f35386e6c3353576b734470656d56466836464553316a3857645234355a66336c6e632b584a68442b793373376b7864516e4f36676a692b4f73445455694c4b545466704b5639615479325430584f3779597a4d444d7a417a4d774d7a4d444d7a417a4d774d7a4d444d7a417a4d774d7a4d444d7a417a4d774d7a4d444d7a417a4d774d7a4d444d7a417a4d774d7a4d444d7a417a4d774d7a4d444d7a417a4d774d7a4d44686573396630574a6b6e786547674f617a715259556b4b37496956304761546b6765473676427966505231637545726f36465252564c70317068554f5957556d317647377862702f46554e44696b555750516d6d4a326d6c49394a4b76724533334b2f506b57474d394e36617a4f7439547a617431684969727231714b493041576968514362496a48516b6232504d394a65584d4a6936624751464b676b414830514279656c6c7331703753754a4d31525655394c54514a3571567a74304163796641627645316671485648614c5771676f3154346654354a7448476547656f485774513353442b5565736c684f3962397132507863386d4a3037414d7a6d506c4b496c666777482f41466978302f6f6935386e43386270505547723951552b563164585356796b4b346f34506c676738454935447a4e7a347557614e30485159696e5233644f684b45676367354a6c38766873445247717136794769695150536b6b57456a33734c7646595848343642504246476a6841327339355658545133434143726f326546713774507a476f4b7a344452324e564943624849566b616b786a78536a356c657577653953614331546d52783667315a6b705571334d4e4d727545487773697839374449655731566a4b4157724b756c702b693873715566535842395939724d4e4e504469394a77497a65516d335771425846464150306c44612f67393348396a4f6d6f45716b6b6f6f356c327556796a764648316d356373774f6a635069554a2b476f346b473277536742686a2f4734335865706f784c6c386d4b4b4e522f6d6f556d2f746373302f6f325367394b61752b49754e30796b3339726e5545586470744762395159704841464b5478433547374375704d656d505a4e50456b41632b7678652b6c41516b6936514f577836576949337342734c6b6a716159714d5a32333567485a6879713456414b576b43774e68312b4c305254706b6e4d6e43423037682f55784b563655696b57324138487a70576b4a7544734f5a74795961696b4a52497371413346724f764d677071734b534170436b6b486177753932717155706a73536c51422b61376a65577a3948455346726a4241767a5957412f466e564951653749652f4c6b6b304b45797070567a685973556f35676a784c68364e535563684671684148514c383376302b5a694d437844566c433762464a467835583259585931724e44634a7746576f644669662f526631586158547737565744794d53527a4a735150613944485a7046516c436f4e617270566b44384f707034746a3147344830753770716e56613063564a6d3950355248516d536d5847542f45686168376d477442326c616271547771715a4b5a585233694c5765306e4b3437494934344b78465266716c44344b696f796937707a4f684b537348544a525452542f414e466641763258644858556e5a375554424e5a5372774e5564674a424c524b76346351435436695746764e416c6169705379452f764a412b6c367936616c4b724a57676e314836587279615272345977764361727175416936555651544b6b2b5264664d7257324c763841453056506b592f7a3038705154366a634d4c754b6e6a42734955452b4a4832423773464f6c5a7370434c6573754a66376255394f6f497974466b4b41394a6b6957556a2b4a4633633466566543727945306d557838796a395131566c6577324c4354557444544a5438694c2b414165374241684f775248363158656c5431634a4779497636784c325556555933436f78354a59574d556142304a3951664d4142795342366e572f4758477857664a4c2b476f556f63796e7a5547466f46676657442b4b574f6c5164563339756179722b4c39543872716c6762464b6645734c4d72514f70385a6c55506c434235334c714a4b7a3831537449384c4236732b577049556b716e6e586270356538734a434a6c703356496d3368472b477079734d4d5a5575524d61527a4a4e7a374134546b74546f4346436c68437a2b5a53754b33324f4b564b736e6e71314e4e484c4c4d70522f6d34315751676461694f68684c632f7169747974574d4c674e355a646c714b74774f6c5379506c535061354870366d70634e69497366536e76416a6463717563717a38797a36336f61627746466763614934676c55387638414f794250705348714867374655557055414f45453767486b6b6462446258586f5365454b75656b3962345a4b306b5833616e7049796d35555645394a6464713676703850685a5a5532373158346359386576314d492f71374e6d64526f34705077554b2f46492b73657078716575377a2b634e6f6b626842365431712f553965426373734b684568556b79315742493254767a506939374461627271785957596c64796b33346c3763617574687a55557952476175734e6f306936554862693854346544356b3553656f5048776e682b714c6448324f51552b696b314b6b47736e55554a33434562416e78636a6f394e3432454438464b69427a4c434630315a576b67684b4570485275397846585645664e436764616b7556566d6e4b4f6f6a345278526e6f4b5339482f5a5a4d5a754b7066434f697a436c46637441336e536f2f6f78506270737352594c43674f7378477a56324c4e4f74526e7146424135634c71707668516d364b6959486f50465a684b615372686c356342386937474a4d537865784478312b304a716458474a6970494f2b344c6b324879715670546556494a364641705953564d4344794a664456556c306e683937354b576f343067387834473732746c7073776832536f45635a4b342b472f53485531474c424255676358696e5975625673494149556e59756c714b66674a4b65686843636c516361436d574e4d79514f6b575548433876685952507830306e6471763871336c757169436b6b7151462f5334766e6147435642346b472f69474553705553557955564a6834436a305a65486b705057374f736f5971754c6941756f6369487249703559466c434a6270503156644965376a314b6a2f4141566330693662394b6572314d4c4c5465704b6a476c4e466c5371534562527a486d4231467a2b6a6d69716f424c4174457144306834385846464e47654941704f323439786676484373783076486a366b7837377871506f483954444a53457036515576596a436838692f65346e6a64586f5173515a696e565453636775336f6e317554556c56525655666551544a554430704c446453755562455838772f69704f755032463859742f687a2b6f7634567a446e777144443670614f6b4b4434314b54304b667779396142366e77534c52767351773856494e693665725173333641374361556232573632715865393133595664584259456e6478334b7234622b6b45683357546e43456e306e444d33563843567255516c4935715557464a714b735448477369524b456a6d74583244706555767537364f5452347057724d6c5445563163443848336e7a5251483633377937584a2f4c59636e6a6673787742313172644555734b704d50526e7671746168744b4166525150416e326746396f34304a6a516c434570536c4973456757414855772b737a4d444d7a417a4d774d7a4d444d7a417a4d774d7a4d444d7a417a4d774d7a4d444d7a417a4d774d7a4d444d7a417a4d774d7a4d444d7a417a4d774d7a4d444d7a417a4d774d7a4d444d7a417a4d774d7a4d444d7a41366e4c344c4331596c71717a47515479424a556f38466c4b734f736333624d51434c4558425964615939465574584457356e4a5579616a4a35454b2b486a535077365a4b685942436553557048547a506953354a6873626a38466a306b684b444550535049624f66316d686c436f55635a6c545230352b574663416b4566676b334733676554707454396d64505534477056505656755771376f5549314b3774436b68514b6b6843655a4b6269784a7577784e7172744c726171564f4f306a53716c584b536e396f534a507738647566442f70434c39473358314e702f732b703636706a794f66713538746b464469564c55723437483945636b6a7741446d646454596855314e2b42334361564a6a696854436f48653139726339687337624236667a32566d523846536673756932347169726a49556f666f52387a363742687159724530474956333853454934452f4b51392b4c562b4e695362536f5677374549337437484a4b50733778705746356575724d70622f41416c714563523830703350724a63746f614f6b6f616446505230304e5043675753694a41536b447741595931567242436b6b783074557049463770707043506f616b317653794c376853306f6c364571394658734f37796939504a597247354b50677946425456616257744e4546573872386d454d687a534a556b385174794c355a4d764349794170497476652b7a7370394136586b466b5939644f4c3349676e5847443667587854646e656d4a5956527170367230767243736c346835473744546a726f2b486952494278486f355079757575732b6c3067683838665a7a696f2b455235544d4a515071392b6b693356637075394f6f374f616e766c4b704e54315563647877706c703079456465397866324d506c546b304950704b5346587541543733583165636a43464c564b456a7176304f78523261715849565665704b3651486f6a6851672b3033653952646d756d495478566b56566b6c6638416e6335556e2b714c4a397a444838645a6c645256537148546c477173574e6c7a6b384d456637792b5871467a344f5a615a374c634c5377392f7145444e31363931716d76334d5a366b4976613369626b2b484a7a796d70344b574245464e4448444567575248476b4a536b6451413244354745536d374e64437972433161616f5152793441704139674965724c3256364f494863555654536b4739346175515839704c6d374d494e54396d654d70416f55655a7a6b594b69516864534a55432f52777153646e7756765a38736d3858374972662b3030516a5766346f375049444d4d5779597175784a4958687333536f472f65597a4a7953492f714b55665a5a384d656f424b73342b4c5533664b574c476a7a46436c562f41323444376938734f737a6d6e38506d3664554f54783846536b6a6d704975505777785638476d6d6b6b5852593666465338314c77565746786e7856537a41442b714c2b4c2b303271636a54796947565547532f3750785574563636655532556633464879646a6d75792f4c555a564c705450726a514e30306c614f385150424b6a75506334666e4a395159655075645736616d54544459314d4b4f2f67382b6b705954664835724735794b534f4e596e6b6a50444c444c434579526e71556b32556e316830326230646a4b2b516b3043626e726a542b753768716b34764b393155347976564450474c5172524b53554471546333412f5243675041757a786573717a4354436d31504478306437444977704b6b782f3841584a746448373172655444334c70544b5931563866585a436c48315169636c50734e3334565636316f683647537035774f696f683350724265514b53756f616d424571557754524c5346496b525970554f734562454e5048517a70504447674877547377674d5773645530717256656e366171534f61366155672b78512b313763586158456b38465252313143663071596b65304f2b71636245626e6a69542b366b7575713646414248415a522f315a503073507357766147574d6e397068503739302b34766a6c3172527142346131645165714d2f71447278696f51766a6a7031784c484a53564642397a355556756f3862765235655468484b4f7051695a5076462f65772b2f37535a4b7057593648443163696a3962674a2f572b5159375674576b797a5938557351334d6c517349413975356578423269366870553271735651314e75616f4a56526b2b6f676a33765a5232715974616b7079324a7261566154634578435a493862704e2f63772b34445347547276787370566431523941535053583541386834756434764830574c675454306c4f493039456164317238564839626f7354727641355a58425235616c564b6671465843736677717366633771476f6a494e6a7372645369643166794d4c4750302b4a5a73626246513544774836333471654e45584448424e555379455843453741654a36412f4e4e4f755364504341496b3877427a2f55375a456d322f735956436b5a4655334448456d474a4973437457366a31324471736870757379315a4838595944546f35486a4a49395675626c536a634777666c4b7767387777717366707a483043416d4b5063644a4876652f4642456a5949395a4435716859466c69334a38516d4639314432734f64466831766b423858784a6b46766d50724439704e78734c2b54446c5365742b77412b4a4b726258396f664944344d4f47726f615771515531454d636750516f4f6979656c364255523769456f3651416f32753549464e667759596f7a4f4b4647534a6b39324479327664306b457454514c34364b7349527a4b506d51665565547a4a6c6364525a43457831564d4a423064426550395561526770346c7a556e786351472f4c6a41396d345965384871506a734a7159584831366457337336484d38586b49716d4d64314f462f6f7247377761616d616871696f796352422f6e716458704439355054376e4d744d616d55734153694770413234306569723168686b795563534c636a31486b5856314d593479434f465855587a59374951314d514d53373961566333797a6f54496e59334855656868515663493334646e535a4b4a61346c49554c68794f7469556e693456644849756b716a75654a5050715951764a554d7156456f763748706f465145584249576733516264505635467969745372684e6753364f6f4e52476f6c435377554e59464a34306744666857673942366a396a736f5a456c42564753556a6d4f6c506e31687861735850464b717352486661307141666d485835765a6f4d696c595450424b464a50493966676646684c616455556b66647967634a367878495071666f5550634b3732696c6b7056666d6a4e30487a53366d6e7151745065516b4a56395a42354632754f7255714843547771366a396a4465687965637030336c6f343868455072516d79765a7a657854617178764677564878464576716b47337666476861666d394a4a2f4d487a43597943306959616c485573416c685952354f6e6c547851316b4d672f763150696c72774239512b537250515651596555336b78346956316f322b68363032467861675446553155583773355962303163693236622f774154724b7a4978704369556766786679505171384a6a78764a6b386b664b71492b68786a4f554f4469437a4b71717166436170577365776d7a44787166566c46464e384f6d6f684d716a5a4d61466353314871435276376e4456775a54554f6f4b5844787871565556556e4246534a582b4976704a575274476744636e3572644165375178312b63796877576938536c6453663535634d596a52436b2f576b57506c4872756569377a2f414e6c6e5a336a4e46554865714b4b334d7a4a745531796b574a4850675150716f48567a504d734c66514f6c364c536d6e6f6362537051715777565554424e753958312b414849446f4476325a675a6d59475a6d426d5a675a6d59475a6d426d5a675a6d59475a6d423458314e56565366764355454b616d59526437416e67437a77324b4e786231764a756d6454592f5056575370615553787a34366f4d4530636f345662477755423145672b78347331522f346971482f414b366e2f774167595266746a7261784861546c30497135306f53714d42496b49412f43533548543164582f41507737564576784d336543734351767644653365703276314f4b39732f3841377a4d782b2f482f414c70446b64502f414f4847702f37635039366c686a58342b752f396471662f414d5658363363614872363036307769545756424279454149373037677941456333486e6336472f2b4e73462f77444d61663841336957486252343131627162553164326870305a706d71706365754f494c6d715a6b425a4a4b4f50594545577352305875386c4f45363630466939545a44396f5531664a6a7378416b44763456582f64346b334276314545487a596339486a74665236657271616f7a32506d79697045476b71753441536c46787842535169313758364334564a6c2b3070477559744a4855474f4e584a46336f6c2b4754336475457174386c2b6a716431324d36687a56626b6378702f4d56696369636172686a71306e6934724b4b534f4c36774e72676e666d3957722f4150456453663841596a2f756c73477538357266544f48776c504c6c3653544a566c564a484a4e48416b6f4b66523452597032746339443831757064633652314a696150556c526a736e52354758757771435068556e64494a46674e7878413869432f6e33686b4b6c4f6d346b534b6a557572576b4c484e4a50427548566a4854615a37586352447165746c7a7346536b436a71367053727779453246675645584372654870413746686636367a2b713039705644706a542b5370364e4e565369514761464b6b685834684a4a73547951354470796d316e5178563832704d76513179424154414b65494a4b5643357566524633422b3054484b79336268694d656d74714b457a55494866303675475246684b646a367265747a72542b6d313665786d554338356b63723852467438584c783933777056387656652b2f6b47454c37497530504d5a625066737a5555365a4531614438484b496b6f48476e645364674c3348304472636a772b6f7374556473655930354c554a566a61616b544c4648336151516f70694e2b4b317a383676613866615477632b5437494635504858546c4d526b704b756c576b656c364b554653523667443570447465792f4d7836673759386e6d49303848784f4b53564a2f4b734a67536f6570514c433271745736713154716573777569666861536b6f56634d39664f6b4b75626b58467752596b47777353625832364a42706e4861396f38736b3576503047536f43685155457742456956573947316b6a612f6934623246564557506e7a2b6c713663556d554d7834436f32556f67464a34657367373238587a55714d2f702f7465776d427164555a4c4b55315441715a596d57516b2b6a4b4c45584e2f6b4259612b754d76326c6154707157657431426a7030314d76644a454e4d6d344e72334e304279577058727642615a7a65537a57616f4b74634e49563076635141464377655a756b58466e5666654d2f77445a47462f37616638414b3568326f66384175397a662f5a464d50765a6e6c61334e6148783254794d6f6c717030724d69776b4a4274496f44596263674853396b65704d767143544f444b31435a685356516a6874476c50436e30756f6238673431326361466d792b6938666b5536717a6c454a6b7249677035796d4e467046445965712f72653339336950756b366a694b314c344b7443654a584e56755063734d72737a4d444d7a417a4d774d7a4d444d7a417a4d774d7a4d444d7a417a4d774d7a4d444d7a417a4d774d7a4d444d7a417a4d774d7a4d444d7a417a4d774d7a4d442b4b53464a4b564145486d443076367a4346616c374d4e4a5a746135785171787457726331464172756c45395a414843723168777649396d477173654f48485a4b697a644d6e3555564e344a6834425175506f386e6d6c6d48574b75776d6f394c544c6b7061617177345571386c4e55773935525448707370486f7050696e68505743397645617670354a45775679463436704a7477716c34346c4839465932506b624877665a45674545454167387758513576526d6c737a477047527764484c784378556c48417232707357474c305a52536c44675447767834372b34506d6c794e557048436c4d4b542b6d4e2f5937332f414c6c744e51714a7875557a2b5054652f64783176484835634b306c2b616a73717155782f77426a315055425147776d67536f65757844434d5356456c7272714435527866615871797979532b6a46484b6f2f704c2f384152446b43757a54564346656a6b6356552b4d6e476a33574c34716a515775454b43594a4d51745054616f576b4431634e2f65776a46526a71726463386b63616570613766726573716a546134676d6e2f414f716a4e766162427963364631334249466f7063524b733831496e3453505755336679545448614647466c4f446f3543507266474a4a56355850366d454871394f7a35456e6877535537375356556f397774394476384153756b632f69706b7a5575724b696e54303061556d654c325348623157664c573458586962696f30334f7178742b457453782f525541665939457a3671786f4e384c6c49422b5555536b412b5a417566617779786a386b756e703078796b6d554379316349424a3637417579703878424a5a49556b4b366c6d78396a77597657756f4977595a6f593475693071625739524e33535a624c5a6e4b6e7535386a5048436638444866676c6637797753732b5149444473684a6c6f51745566476a6a487a4a437753505071656a565a326d51624b6d42562b564a752b76654130547161715555594c44366969517333347a57797878335053564c49487663367758594450586c4575724d396b4f354f36715743766c57543446524e765943777674593972756c39507a77304574556169746b5156434f6e744a77667657506f75485a447467565670766a345a4b5a5133425661525072547362655479706965782f7333786c43716b70744a304243685a5573674b355434385a50454435454f717175776a514538696c436e794d494a754578317977452b585377783752647231616c514e5643754656376437547137794a586d6b376a36584a38543274496b55444d6d4352467431494a53522b727949645a7250734d724b474e565670477358584941394b6972466a76434f70456c674665537661385431644256304661716d6e704b6967726f2f6d706167474e583842504c3367734f795750375263664c5979724d635a2b756f635342357154793959446b4e4671664879684a6c576d4a4b2f6b6c536f4b6a58354b44367059764e706a6d5569535a635330624c554155726a2f4148306458694c68796e47354f72674937695a50346d2f4144364576694f693744732f464d6c6141744330725365536b6d3466726a50574338445948566c6452334e4a55535245627268563651487136764a7a4c46646f4b4a6b4434314967502b6c534f4f4d2b6474302b6244492f656541667853675259707534716e566c476e674d303053454c2b525331666871386c6a6232326468466d615a52415371366c4334534343534f7364667159556574394634334d49585552495854565933544c454e2f58317644575767792b6e4b382f4677726b6a5364703451523752396a37454979464c4d43457a447842484c7a644c7158416f796352584255795172492b614d70556c586d6c577859514452757436656552464e4e4d6c636e51506c6b396e53386d5557515250414a45724569543959632f57384c616e307648543158635673464f70524e7770434441767a4135583851512b62433548554f4750485256483756706b3747436466444d6e77544a79506b7632734d77315670456b707372794e69364776556c467774536b2b59645469396359624966326565553064594e6c5539514f376b536633547a3877534874566333654a76444d6c5354317174394c44566e6b5162326c493954714d6b745330464b43705238646739756f373363374879494c717132554145725859572f4f4147464e5569524e2b4a61556a797558525669616d6d6c56553436796c45336b6855624a6b38756f2b4c744b366f693469417050384144645a6366792b5470714f4655733867514f583469397a35414d4c48453670694d35676c456c50554a46315253437972645936783469376b394c6d495a416c516b5459386a665976466d4a78326331746d4973526838504a49745a346b545467787051427a5866356742316a7744374161623744735852592b4e4f547a2b577136736f48657169576d4f5069366545464a4e764d6c685530325758474155793765504a37663758686b5265576e4a2f5469565a32614f78756d6a57726731506c41672f4b6b787833487274752f66384133507744644f70736b6c5857496f78396a4369586d36574f2f645a4f53412f6c6b4430717a5649516b33713653587834306a36584e6150736b7843556632374e5a6d7256302f6a4a6a42395355333937767366326636516f2b456f77644e4d6f6657714c7a452f31795747455938316b3833556d6a7765506c7946515461314e454642506d6f477739626b326e2b78334b5a6155565773736b756e67364b4b6b6b425566336c6757486b6d2f6d3830306c4c54556b4968704b65476e69484a4553416c507344356d465a7072542b4730356a526a734a6a6f4b476d427555524a735648725565616a346e6432624d774d7a4d444d7a417a4d774d7a4d444d7a417a4d774d7a4d444d7a413431326b366d6c3070707639717755714b6c5a6d5245454c55556a652b2b336b354b2b43766f714f76707a5431314a4256516b676d4f614d4c53534f5273646d485837542b74366d75375673646d4b6168686f5a4b36574f6b713434316b706d5370515478472f534e6a3570486a653631522f77434971682f36366e2f7942356170394e366570353054302b4278634d736167704330556b61564a49354545445976457571502f4556512f774458552f38416b44434964732f2f414c7a4d782b2f482f756b4f52302f2f414963616e2f74772f7742366c787a746e2f3841655a6d5033342f393068794f6e2f3841446a552f3975482b3953777859376e51332f787467763841356a542f414f3853365a334f68763841343277582f774178702f3841654a59647448456455396e6d4131466c565a4f75565778314b6b42436c517a634955414c4157494c6c7a7839565a2f4c6f37627154414a72464447727053745548436d785633617a65397238774f6c684b644b615a772b6d614a644c694b58756849517156616c465335434f5679666f35507976532b4c5871325055366b7a6674474f5075306e6a39433343553876496c3633615a6b617a46614679655178383567716f554a4d63674150435374493548626b58454e4c592f74447a65446f73756e5779496f366c416b37745647676b432f4b396d45343152706a46366a58524b79535a6c476a6b4d6b5064723466533235396649507a7133537549314f696d546c45536c564b73726858464a774b53547a333951396a692b5531426d4d4c327855574d724b3153384c6b34674949314954614e5a4843414461392b4e49366553337a3972756f4d726a6a687350674b6b302b53795655454a57456852434f58496738796f6577734c4c5657674e50366c794b4b2f4b4a716c7a6f685443436958684253435479747a334c354e4b3646774f6d3131533859696f42716f75366b37795869394877635431746b39556e744d786d6c734e6e6c554b4b6d69536f725643685934774a435647343651674f563657786571635971726c7a326f305a56436f76776b70703078384368303744646859365530376a644d3474574f78615a52417155796b534c346a78454148663142364f6d39443444542b626e79324c686d696e6e5170436b6d5336416c53676f67446f3341644e32485a334c5a2f54465a563569735656545231706a5374535570736e6751626241644a4c6e7a434d3672304a7076556c5238566b4b4e53617177427149466c437942797630483167765630333263616277575769796c4d6d736d72496239334a504f56634e775164685948596e6d35677a436c315a706646366d677034636f6d5a534b655476492b37587737327475392f4d34366d79324b71636257425270366d4d7879424a736248714c32325961476e735252344c44302b4b6f417355304149514671346a756f714f2f6d533954532b6d4d58707856597247706d42724a424a4c33692b4c30742b58567a4c756d59475a6d426d5a675a6d59475a6d426d5a675a6d59475a6d426d5a675a6d59475a6d426d5a675a6d59475a6d426d5a675a6d59475a6d426d5a675a6d59475a6d426d5a675a6d59475a6d426d5a675a6d59475a6d43775a6d5965467852724e31786f563567466b5178494e30526f5365734a4166746d426d5a675a6d594855366d303167395355597063336a594b324e4f364373656b67396156446450714c746d59595a3150393337435a4568654d7a56665153492f6d7a49424b592f424b746c5738435348464b767358317467714756564858342f50514a4e2b346a53594a534f744955536d2f67434c39466e32525a68314171712b717874594b544d3031546a71704879717149315271386a666e2b3850573936484c4a347269524d4d7475642f52582f41483633326e79574f6f4d6c54476d794e4654566b4a35787a78426166595134646b75795051645944775955555a4f3936535a6351486b416244324d4d4d5565653773716855444570587a786e634b3862644c32494d704847676941326a5562384b5665695434446b4435574c6e395a3247596c55536f7154505a464d64376f525549524c77655241536f653178717637464e563071314b78755a7874596a6c61626a69555234374b425961634f70386944614b6f6b6b435261796a6451397650322b7432464872577568535249753866316c446c3678306576327572505a3132675578416c776346536b6242554e59673239704265765736653152514b4b717a546d5552772f34735550654165744637734c2f4143756271736e5163454d734e516a6d596c6a697635412f5a592b626a4e4a6b466f6e484365486579535641373951503248667764544e5749705a535a5579514b763656346c4a3338556d316a35506e525834664a49496e6e464e554557372b4d6853566676646672462f46684c6f366968794548635a476a687145703273754d4b34663165717a2b52594b44306a694d7458304b542f6878724569422f4376636531784656566b3861515a4b66342b6d543873314d4f4d416551394a50744965395136777861765258564a6a554f614b68507044316d7839724334724d50715a47304f587831516e2f7a696e584572335842644c57347655672b657678782f636a57667044756148566d506b4a6a686c676d747552484943523667376169586c636c62396d6163724b6d2f4b5475796c48395a5668373247505a74505a5770756d70794e5a77486d494955784432376c372b6d4e434374794b616246554a716132337054537134753748356c4b4f7952354335364c764c6d6e39413547746b465271535a4650434f5648544c75542b38766f386837586b4846343267786c4d4b6248306b564e467a34593032756573395a385377704f7a3753464670504647474d6965746d73717171536d786b505142314a485150587a4a636c5a6d426d5a675a6d59475a6d426d5a675a6d59475a6d426d5a675a6d59475a6d426d5a675a6d59475a6d426d5a6765456455663841694b6f662b75702f386765626e44736c6f4b6c726466776174566b4a6b5377715172754167634a4b5259622b78686850746e2f39356d592f666a2f3353484936662f77343150384132346637314c6d65734f79696a3146714f717a4b387850547271536b716a454955425a49547a76344f786a37504b52485a374a7044397054474e6376652f4564324c6738515638765674626d7736304f35304e2f3862594c2f774359302f38417645764b332f6362512f38412b5156502f774358542b74376d4437473648475a6d6979517a6c524b61536f524f4564774278464b676f43392f42686c4a346f796b7355503369714b5361524561425247366c7141412f4358306c3558636131486f54544f6f4d6b636a6c6142633953554242554a317032484c594542686f397256565456485a726d685431454d334447692f6472437266694a366e452b7a7a52756e353844694d7650715049773150436d5a554361354359776f4b7662684b623232355863326f4f7a2f5374446a712f4830325057696d72306f5455702b496b5047456d366479626a6339443068325536484242474a6b75502f4f70662f5359563362356a4a5a644d30756470627071735455706b43787a434645412f7742494950714c717448317964633972417a36556e344c4655456664676a59534b5479387770556e3955504b6d536f716249342b6f6f4b794953303952475935454532756b697833484a312b6c394d5958545545304f47705068307a7143704c794b575645437733555377786a326b34366c7976625a696366573163314a5479304943356f70416861626436525a524241334148726338306470374536667073676a475a6972794a71454a4b7855564b5a536a6843725734514c5834766f66507158512b6d39525a424e666c36465539516d4d5242516e576a305153514c4a4948535837307a6f3354326e4a5a356352524b675855493775516d5a6137702f694a73776850336461796b70394956794b6971676955613952415849456b6a75306462797047744573596b6a576c61464334556b3342634b2f7743366e512f2f4150615a502f7a55762f704f57346e4830754c7873474f6f597a485451493449306c525659655a335962544d7a417a4d774d7a4d444d7a417a4d774d7a4d444d7a417a4d774d7a4d444d7a417a4d774d7a4d444d7a417a4d774d7a4d444d7a417a4d774d7a4d444d7a417a4d774d7a4d444d7a417a4d774d7a4d444d7a417a4d774d7a4d444d7a417a4d774d7a4d444d7a417a4d774d7a4d444d7a417a4d774d7a4d444d7a44784c46464b6e686c6a517450556f412f53367566532b6d3535424a4e674d584973472f45716b52652f735a6d465657646e476a61695579444452303669626e346152555150715351487171374b3945726b433538564a4f42395757706b556e3245737a4354346a43346a455164786938625355636472576868536d2f6e626e363376325a6d426d5a675a6d59475a6d426d5a675a6d59475a6d426d5a675a6d59475a6d426d5a675a6d59475a6d426d5a675a6d59475a6d426d5a675a6d59475a6d426d5a675a6d59475a6d426d5a675a6d59475a6d426d5a675a6d59475a6d482f2f32513d3d, NULL, 13);

-- --------------------------------------------------------

--
-- Table structure for table `exercicio_plano`
--

CREATE TABLE `exercicio_plano` (
  `id` int(11) NOT NULL,
  `parameterizacao_id` int(11) NOT NULL,
  `exercicio_id` int(11) NOT NULL,
  `plano_id` int(11) NOT NULL
) ENGINE=InnoDB DEFAULT CHARSET=latin1;

--
-- Dumping data for table `exercicio_plano`
--

INSERT INTO `exercicio_plano` (`id`, `parameterizacao_id`, `exercicio_id`, `plano_id`) VALUES
(59, 69, 94, 134);

-- --------------------------------------------------------

--
-- Table structure for table `inscricoes`
--

CREATE TABLE `inscricoes` (
  `id` int(11) NOT NULL,
  `id_aula` int(11) DEFAULT NULL,
  `id_perfil` int(11) DEFAULT NULL
) ENGINE=InnoDB DEFAULT CHARSET=utf8 COLLATE=utf8_unicode_ci;

-- --------------------------------------------------------

--
-- Table structure for table `itens_carrinho`
--

CREATE TABLE `itens_carrinho` (
  `id` int(11) NOT NULL,
  `id_produto` int(11) NOT NULL,
  `quantidade` int(11) NOT NULL,
  `created_by` int(11) DEFAULT NULL
) ENGINE=MyISAM DEFAULT CHARSET=latin1;

-- --------------------------------------------------------

--
-- Table structure for table `itens_pedido`
--

CREATE TABLE `itens_pedido` (
  `id` int(11) NOT NULL,
  `nome_produto` varchar(255) NOT NULL,
  `id_produto` int(11) NOT NULL,
  `preco_unidade` decimal(10,2) NOT NULL,
  `id_pedido` int(11) NOT NULL,
  `quantidade` int(11) NOT NULL
) ENGINE=MyISAM DEFAULT CHARSET=latin1;

-- --------------------------------------------------------

--
-- Table structure for table `itens_venda`
--

CREATE TABLE `itens_venda` (
  `id` int(11) NOT NULL,
  `nome_produto` varchar(255) NOT NULL,
  `id_produto` int(11) NOT NULL,
  `preco_unidade` decimal(10,2) NOT NULL,
  `id_venda` int(11) NOT NULL,
  `quantidade` int(11) NOT NULL
) ENGINE=MyISAM DEFAULT CHARSET=latin1;

--
-- Dumping data for table `itens_venda`
--

INSERT INTO `itens_venda` (`id`, `nome_produto`, `id_produto`, `preco_unidade`, `id_venda`, `quantidade`) VALUES
(165, 'Alter', 3, '100.00', 169, 1),
(164, 'Alter', 3, '100.00', 168, 1),
(163, 'Alter', 3, '100.00', 167, 1),
(162, 'Alter', 3, '100.00', 166, 1);

-- --------------------------------------------------------

--
-- Table structure for table `migration`
--

CREATE TABLE `migration` (
  `version` varchar(180) NOT NULL,
  `apply_time` int(11) DEFAULT NULL
) ENGINE=MyISAM DEFAULT CHARSET=latin1;

--
-- Dumping data for table `migration`
--

INSERT INTO `migration` (`version`, `apply_time`) VALUES
('m000000_000000_base', 1668516485),
('m130524_201442_init', 1668516489),
('m190124_110200_add_verification_token_column_to_user_table', 1668516489),
('m140506_102106_rbac_init', 1668517390),
('m170907_052038_rbac_add_index_on_auth_assignment_user_id', 1668517390),
('m180523_151638_rbac_updates_indexes_without_prefix', 1668517390),
('m200409_110543_rbac_update_mssql_trigger', 1668517390),
('m221115_124502_create_produtos_table', 1669051886),
('m221115_125058_create_user_moradas_table', 1668985299),
('m221115_130831_create_itens_pedido_table', 1668985913),
('m221115_131223_create_pedidos_table', 1668985300),
('m221115_155058_create_pedido_moradas_table', 1668985300),
('m221115_160831_create_itens_carrinho_table', 1668985300),
('m221123_154218_create_perfil_table', 1669218475),
('m221123_162103_create_consultas_table', 1669220957),
('m221123_162753_create_exercicios_table', 1669220957),
('m221123_163056_create_equipamentos_table', 1669221149),
('m221123_164224_create_tipos_subscricao_table', 1669221898),
('m221123_164344_create_subscricoes_table', 1669221898),
('m221123_165049_create_tipo_exercicios_table', 1669222310),
('m221123_165213_create_plano_treinos_table', 1669222474);

-- --------------------------------------------------------

--
-- Table structure for table `modalidades`
--

CREATE TABLE `modalidades` (
  `id` int(11) NOT NULL,
  `nome` varchar(56) COLLATE utf8_unicode_ci NOT NULL
) ENGINE=InnoDB DEFAULT CHARSET=utf8 COLLATE=utf8_unicode_ci;

--
-- Dumping data for table `modalidades`
--

INSERT INTO `modalidades` (`id`, `nome`) VALUES
(11, 'Cycling'),
(12, 'Zumba');

-- --------------------------------------------------------

--
-- Table structure for table `notificacoes`
--

CREATE TABLE `notificacoes` (
  `id` int(11) NOT NULL,
  `texto` int(11) NOT NULL
) ENGINE=MyISAM DEFAULT CHARSET=utf8 COLLATE=utf8_unicode_ci;

-- --------------------------------------------------------

--
-- Table structure for table `parameterizacoes`
--

CREATE TABLE `parameterizacoes` (
  `id` int(11) NOT NULL,
  `series` int(11) DEFAULT NULL,
  `seriesCliente` int(11) DEFAULT NULL,
  `repeticoes` int(11) DEFAULT NULL,
  `repeticoesCliente` int(11) DEFAULT NULL,
  `peso` int(11) DEFAULT NULL,
  `pesoCliente` int(11) DEFAULT NULL,
  `tempo` time DEFAULT NULL,
  `tempoCliente` time DEFAULT NULL
) ENGINE=InnoDB DEFAULT CHARSET=latin1;

--
-- Dumping data for table `parameterizacoes`
--

INSERT INTO `parameterizacoes` (`id`, `series`, `seriesCliente`, `repeticoes`, `repeticoesCliente`, `peso`, `pesoCliente`, `tempo`, `tempoCliente`) VALUES
(69, 10, NULL, 20, NULL, NULL, NULL, '00:00:00', NULL);

-- --------------------------------------------------------

--
-- Table structure for table `pedidos`
--

CREATE TABLE `pedidos` (
  `id` int(11) NOT NULL,
  `preco_total` decimal(10,2) NOT NULL,
  `estado` int(11) NOT NULL,
  `nomeproprio` varchar(45) NOT NULL,
  `apelido` varchar(45) NOT NULL,
  `email` varchar(255) NOT NULL,
  `transacao_id` varchar(255) DEFAULT NULL,
  `created_at` int(11) DEFAULT NULL,
  `created_by` int(11) DEFAULT NULL
) ENGINE=MyISAM DEFAULT CHARSET=latin1;

-- --------------------------------------------------------

--
-- Table structure for table `pedido_moradas`
--

CREATE TABLE `pedido_moradas` (
  `pedido_id` int(11) NOT NULL,
  `morada` varchar(255) NOT NULL,
  `cidade` varchar(255) NOT NULL,
  `pais` varchar(255) NOT NULL,
  `CodPostal` varchar(255) DEFAULT NULL
) ENGINE=MyISAM DEFAULT CHARSET=latin1;

-- --------------------------------------------------------

--
-- Table structure for table `perfil`
--

CREATE TABLE `perfil` (
  `user_id` int(11) NOT NULL,
  `telemovel` int(9) NOT NULL,
  `peso` decimal(10,2) DEFAULT NULL,
  `altura` int(11) DEFAULT NULL,
  `nomeproprio` varchar(25) COLLATE utf8mb4_unicode_ci NOT NULL,
  `apelido` varchar(25) COLLATE utf8mb4_unicode_ci NOT NULL,
  `nif` int(9) NOT NULL,
  `codpostal` varchar(8) COLLATE utf8mb4_unicode_ci DEFAULT NULL,
  `pais` varchar(25) COLLATE utf8mb4_unicode_ci DEFAULT NULL,
  `cidade` varchar(25) COLLATE utf8mb4_unicode_ci DEFAULT NULL,
  `morada` varchar(50) COLLATE utf8mb4_unicode_ci DEFAULT NULL
) ENGINE=InnoDB DEFAULT CHARSET=utf8mb4 COLLATE=utf8mb4_unicode_ci;

--
-- Dumping data for table `perfil`
--

INSERT INTO `perfil` (`user_id`, `telemovel`, `peso`, `altura`, `nomeproprio`, `apelido`, `nif`, `codpostal`, `pais`, `cidade`, `morada`) VALUES
(1, 937441594, '70.00', 178, 'Admin', 'Admin', 0, '2080-640', 'Portugal', 'Santarem', 'Rua 25 Abril'),
(2, 642636346, '70.00', 168, 'Funcionario1', 'Funcionario1', 0, '213123', 'portugal', 'leiria', 'rua 2'),
(4, 937441594, '70.00', 178, 'Cliente1', 'Cliente1', 31231, '312312', 'Portugal', 'Santarem', 'dsadsa'),
(107, 12312312, '70.00', 168, 'Cliente', 'Cliente2', 79988, '312312', 'portugal', 'leiria', 'rua 2'),
(108, 12312312, NULL, NULL, 'Funcionario2', 'Funcionario2', 0, '5436436', 'Açores', 'Velas', 'rua 5'),
(109, 575475475, NULL, NULL, 'Treinador', 'Treinador', 0, '513512', 'dsadsad', 'leiria', 'rua 2'),
(110, 12312312, NULL, NULL, 'Treinador2', 'Treinador2', 0, '123123', 'portugal', 'Velas', 'rua 5'),
(111, 5754754, NULL, NULL, 'Nutricionista', 'Nutricionista', 0, '123123', 'dsadsad', 'leiria', 'rua 5'),
(112, 575475475, NULL, NULL, 'Nutricionista2', 'Nutricionista2', 0, '312312', 'dsadsad', 'Velas', 'rua 2'),
(118, 93132132, '70.00', 123, 'Antonio', 'Figueiras', 123123123, '213123', 'portugal', 'leiria', 'rua 2');

-- --------------------------------------------------------

--
-- Table structure for table `plano_treino`
--

CREATE TABLE `plano_treino` (
  `id` int(11) NOT NULL,
  `nome` varchar(100) DEFAULT NULL,
  `cliente_id` int(11) NOT NULL,
  `instrutor_id` int(11) NOT NULL
) ENGINE=InnoDB DEFAULT CHARSET=latin1;

--
-- Dumping data for table `plano_treino`
--

INSERT INTO `plano_treino` (`id`, `nome`, `cliente_id`, `instrutor_id`) VALUES
(134, 'Plano Antonio', 118, 109),
(135, 'Plano de Treino Teste', 107, 109);

-- --------------------------------------------------------

--
-- Table structure for table `produtos`
--

CREATE TABLE `produtos` (
  `id` int(11) NOT NULL,
  `nome` varchar(255) NOT NULL,
  `descricao` longtext,
  `imagem` varchar(2000) DEFAULT NULL,
  `preco` decimal(10,2) NOT NULL,
  `estado` tinyint(4) NOT NULL,
  `created_at` int(11) DEFAULT NULL,
  `updated_at` int(11) DEFAULT NULL,
  `created_by` int(11) DEFAULT NULL,
  `updated_by` int(11) DEFAULT NULL
) ENGINE=MyISAM DEFAULT CHARSET=latin1;

--
-- Dumping data for table `produtos`
--

INSERT INTO `produtos` (`id`, `nome`, `descricao`, `imagem`, `preco`, `estado`, `created_at`, `updated_at`, `created_by`, `updated_by`) VALUES
(3, 'Alter', '<p>descricao alter</p>\r\n', '/produtos/sd1_obf5sUGSnwY-WPASbGV0yuB4gJnj/alter.jpg', '100.00', 1, 1673225190, 1673225190, 2, 2);

-- --------------------------------------------------------

--
-- Table structure for table `subscricoes`
--

CREATE TABLE `subscricoes` (
  `id` int(11) NOT NULL,
  `id_cliente` int(11) NOT NULL,
  `id_tipo_subscricao` int(11) NOT NULL,
  `data` datetime NOT NULL,
  `estado` tinyint(4) NOT NULL
) ENGINE=MyISAM DEFAULT CHARSET=utf8mb4 COLLATE=utf8mb4_unicode_ci;

-- --------------------------------------------------------

--
-- Table structure for table `tipos_subscricao`
--

CREATE TABLE `tipos_subscricao` (
  `id` int(11) NOT NULL,
  `nome` varchar(125) COLLATE utf8mb4_unicode_ci NOT NULL,
  `preco` decimal(10,2) NOT NULL,
  `estado` tinyint(4) NOT NULL
) ENGINE=MyISAM DEFAULT CHARSET=utf8mb4 COLLATE=utf8mb4_unicode_ci;

-- --------------------------------------------------------

--
-- Table structure for table `tipo_exercicio`
--

CREATE TABLE `tipo_exercicio` (
  `id` int(11) NOT NULL,
  `nome` varchar(20) NOT NULL
) ENGINE=InnoDB DEFAULT CHARSET=latin1;

--
-- Dumping data for table `tipo_exercicio`
--

INSERT INTO `tipo_exercicio` (`id`, `nome`) VALUES
(13, 'Força');

-- --------------------------------------------------------

--
-- Table structure for table `user`
--

CREATE TABLE `user` (
  `id` int(11) NOT NULL,
  `username` varchar(255) COLLATE utf8_unicode_ci NOT NULL,
  `auth_key` varchar(32) COLLATE utf8_unicode_ci NOT NULL,
  `password_hash` varchar(255) COLLATE utf8_unicode_ci NOT NULL,
  `password_reset_token` varchar(255) COLLATE utf8_unicode_ci DEFAULT NULL,
  `email` varchar(255) COLLATE utf8_unicode_ci NOT NULL,
  `status` smallint(6) NOT NULL DEFAULT '1',
  `created_at` int(11) NOT NULL,
  `updated_at` int(11) NOT NULL,
  `verification_token` varchar(255) COLLATE utf8_unicode_ci DEFAULT NULL
) ENGINE=InnoDB DEFAULT CHARSET=utf8 COLLATE=utf8_unicode_ci;

--
-- Dumping data for table `user`
--

INSERT INTO `user` (`id`, `username`, `auth_key`, `password_hash`, `password_reset_token`, `email`, `status`, `created_at`, `updated_at`, `verification_token`) VALUES
(1, 'admin', 'lTey3YJlVApLYgfPdYzjZqvuyktfqAeE', '$2y$13$.z7JHETKu1KvfB4GsfSub.csTVDCx.Valsfyw3hz4.0LmmsQWGNJS', NULL, 'admin@gmail.com', 1, 1668516989, 1668516989, 'GErKHVaRjvNYif8nUR0BIs2NDZ1GptIw_1668516989'),
(2, 'funcionario', '7g8dIIgrB6uX9ke16CeTx7npIYRtKDyu', '$2y$13$w33vOiTs9fNq4JN1mFCar.QEokNkR0nWzO97/cJtbTuBlihzWSbMm', NULL, 'funcionario@gmail.com', 1, 1668517091, 1670417050, 'LAYmCGDOTtC8fcmqGmITiVIt197u_P7a_1668517091'),
(4, 'cliente', 'igdiKEp2HcWekthSrJPFHDnxJyIJl-gh', '$2y$13$yWFIdiz8CLh/8ra8t4bT8uc2T2/DQ.CyE4i0E4zI6zM2ek.otxWAq', NULL, 'cliente@gmail.com', 1, 1668517129, 1671726802, 'egyShonj-ELql0VF7i1BTB6YHYCI4ADo_1668517129'),
(107, 'cliente2', 'wxzrzbDHmVUE0HRLJlZAiNgjDG3pjytc', '$2y$13$nEoFAuvjHHvQc7J9iafXYuaaCsSSZTWqNF5QiC2jfiEYi0s/6HVnm', NULL, 'cliente2@gmail.com', 1, 1671636501, 1671719265, NULL),
(108, 'Funcionario2', 'pGOXI93q0mk3qal6-EZCgIac2JLNLdN_', '$2y$13$x655rupj.sRHmqJQjslDWexO9Iwnwwts/vzxyc4c7R/oJaMkRKJuq', NULL, 'funcionario2@gmail.com', 1, 1671636538, 1671636538, NULL),
(109, 'treinador', 'SaUcIs0TaSwLpzZHU9KLW1OR4PBJador', '$2y$13$LvCV6gB.V.biNgzQoOcdxuFwc6UZdVUCWWXWmiY0rIBYXas4on1zK', NULL, 'treinador@gmail.com', 1, 1671636579, 1671636579, NULL),
(110, 'Treinador2', 'eQPBEY7aQh6AnJPIbJbrKkfX_JnqlVbD', '$2y$13$/JvvcUwXOYFG6eyWLM4T2eGoVCKtvOxodZuvK7Ew0Y1oQJ/yW/ubO', NULL, 'treinador2@gmail.com', 1, 1671636614, 1671636614, NULL),
(111, 'nutricionista', 'W0WDfF8Kxb9xcIk0RfdPir2Rqjj6A68A', '$2y$13$/y0Tb8rOwpQhNTwfr.BmXOYuzuIQD3xRG8e.j3IyslRb5uaphTww.', NULL, 'nutricionista@gmail.com', 1, 1671636722, 1671636722, NULL),
(112, 'Nutricionista2', '01IWeDxXLlBNZTr8tiD5QxTbYVAqG_jX', '$2y$13$.MBOhvnGl3y/yuhdWWSnkeMUHFoJQHDoojt1TCSuR8USAw90P8QOC', NULL, 'nutricionista2@gmail.com', 1, 1671636794, 1671636794, NULL),
(118, 'antonio', 'C_MqDByPbwKIqOW0jEmlLskYUgEOcfc5', '$2y$13$xtAf7IErZtcbjTvHN8vqz..Vk3.OaST76jBljgeJ4wUwgILvZwAEG', NULL, 'antonio@gmail.com', 1, 1673223468, 1673223468, NULL);

-- --------------------------------------------------------

--
-- Table structure for table `vendas`
--

CREATE TABLE `vendas` (
  `id` int(11) NOT NULL,
  `preco_total` decimal(10,2) NOT NULL,
  `estado` int(11) NOT NULL,
  `nomeproprio` varchar(45) NOT NULL,
  `apelido` varchar(45) NOT NULL,
  `email` varchar(255) NOT NULL,
  `transacao_id` varchar(255) DEFAULT NULL,
  `paypal_order_id` varchar(255) DEFAULT NULL,
  `created_at` int(11) DEFAULT NULL,
  `created_by` int(11) DEFAULT NULL
) ENGINE=MyISAM DEFAULT CHARSET=latin1;

--
-- Dumping data for table `vendas`
--

INSERT INTO `vendas` (`id`, `preco_total`, `estado`, `nomeproprio`, `apelido`, `email`, `transacao_id`, `paypal_order_id`, `created_at`, `created_by`) VALUES
(166, '100.00', 0, 'Cliente1', 'Cliente1', 'cliente@gmail.com', NULL, NULL, 1673271664, 4),
(167, '100.00', 0, 'Cliente1', 'Cliente1', 'cliente@gmail.com', NULL, NULL, 1673271748, 4),
(168, '100.00', 0, 'Cliente1', 'Cliente1', 'cliente@gmail.com', NULL, NULL, 1673271751, 4),
(169, '100.00', 1, 'Cliente1', 'Cliente1', 'cliente@gmail.com', NULL, NULL, 1673271786, 4);

-- --------------------------------------------------------

--
-- Table structure for table `vendas_moradas`
--

CREATE TABLE `vendas_moradas` (
  `venda_id` int(11) NOT NULL,
  `morada` varchar(255) NOT NULL,
  `cidade` varchar(255) NOT NULL,
  `pais` varchar(255) NOT NULL,
  `codpostal` varchar(255) DEFAULT NULL
) ENGINE=MyISAM DEFAULT CHARSET=latin1;

--
-- Dumping data for table `vendas_moradas`
--

INSERT INTO `vendas_moradas` (`venda_id`, `morada`, `cidade`, `pais`, `codpostal`) VALUES
(166, 'dsadsa', 'Santarem', 'Portugal', '312312'),
(167, 'dsadsa', 'Santarem', 'Portugal', '312312'),
(168, 'dsadsa', 'Santarem', 'Portugal', '312312'),
(169, 'dsadsa', 'Santarem', 'Portugal', '312312');

--
-- Indexes for dumped tables
--

--
-- Indexes for table `aulas`
--
ALTER TABLE `aulas`
  ADD PRIMARY KEY (`id`),
  ADD KEY `id_aulas_horario` (`id_aulas_horario`);

--
-- Indexes for table `aulas_horario`
--
ALTER TABLE `aulas_horario`
  ADD PRIMARY KEY (`id`),
  ADD KEY `id_modalidade` (`id_modalidade`),
  ADD KEY `id_instrutor` (`id_instrutor`);

--
-- Indexes for table `auth_assignment`
--
ALTER TABLE `auth_assignment`
  ADD PRIMARY KEY (`item_name`,`user_id`),
  ADD KEY `idx-auth_assignment-user_id` (`user_id`);

--
-- Indexes for table `auth_item`
--
ALTER TABLE `auth_item`
  ADD PRIMARY KEY (`name`),
  ADD KEY `rule_name` (`rule_name`),
  ADD KEY `idx-auth_item-type` (`type`);

--
-- Indexes for table `auth_item_child`
--
ALTER TABLE `auth_item_child`
  ADD PRIMARY KEY (`parent`,`child`),
  ADD KEY `child` (`child`);

--
-- Indexes for table `auth_rule`
--
ALTER TABLE `auth_rule`
  ADD PRIMARY KEY (`name`);

--
-- Indexes for table `consultas`
--
ALTER TABLE `consultas`
  ADD PRIMARY KEY (`id`),
  ADD KEY `idx-consultas-idcliente` (`cliente_id`);

--
-- Indexes for table `equipamentos`
--
ALTER TABLE `equipamentos`
  ADD PRIMARY KEY (`id`);

--
-- Indexes for table `exercicio`
--
ALTER TABLE `exercicio`
  ADD PRIMARY KEY (`id`),
  ADD KEY `equipamento_id` (`equipamento_id`),
  ADD KEY `tipo_exercicio_id` (`tipo_exercicio_id`);

--
-- Indexes for table `exercicio_plano`
--
ALTER TABLE `exercicio_plano`
  ADD PRIMARY KEY (`id`),
  ADD KEY `parameterizacao_id` (`parameterizacao_id`),
  ADD KEY `plano_id` (`plano_id`),
  ADD KEY `exercicio_id` (`exercicio_id`) USING BTREE;

--
-- Indexes for table `inscricoes`
--
ALTER TABLE `inscricoes`
  ADD PRIMARY KEY (`id`),
  ADD KEY `id_aula` (`id_aula`),
  ADD KEY `id_perfil` (`id_perfil`);

--
-- Indexes for table `itens_carrinho`
--
ALTER TABLE `itens_carrinho`
  ADD PRIMARY KEY (`id`),
  ADD KEY `idx-itens_carrinho-id_produto` (`id_produto`),
  ADD KEY `idx-itens_carrinho-created_by` (`created_by`);

--
-- Indexes for table `itens_pedido`
--
ALTER TABLE `itens_pedido`
  ADD PRIMARY KEY (`id`),
  ADD KEY `idx-itens_pedido-id_pedido` (`id_pedido`);

--
-- Indexes for table `itens_venda`
--
ALTER TABLE `itens_venda`
  ADD PRIMARY KEY (`id`),
  ADD KEY `idx-itens_pedido-id_pedido` (`id_venda`);

--
-- Indexes for table `migration`
--
ALTER TABLE `migration`
  ADD PRIMARY KEY (`version`);

--
-- Indexes for table `modalidades`
--
ALTER TABLE `modalidades`
  ADD PRIMARY KEY (`id`);

--
-- Indexes for table `notificacoes`
--
ALTER TABLE `notificacoes`
  ADD PRIMARY KEY (`id`);

--
-- Indexes for table `parameterizacoes`
--
ALTER TABLE `parameterizacoes`
  ADD PRIMARY KEY (`id`);

--
-- Indexes for table `pedidos`
--
ALTER TABLE `pedidos`
  ADD PRIMARY KEY (`id`),
  ADD KEY `idx-pedidos-created_at` (`created_at`),
  ADD KEY `idx-pedidos-created_by` (`created_by`);

--
-- Indexes for table `pedido_moradas`
--
ALTER TABLE `pedido_moradas`
  ADD PRIMARY KEY (`pedido_id`),
  ADD KEY `idx-pedido_moradas-pedido_id` (`pedido_id`);

--
-- Indexes for table `perfil`
--
ALTER TABLE `perfil`
  ADD PRIMARY KEY (`user_id`),
  ADD KEY `idx-perfil-iduser` (`user_id`) USING BTREE;

--
-- Indexes for table `plano_treino`
--
ALTER TABLE `plano_treino`
  ADD PRIMARY KEY (`id`),
  ADD KEY `cliente_id` (`cliente_id`),
  ADD KEY `instrutor_id` (`instrutor_id`);

--
-- Indexes for table `produtos`
--
ALTER TABLE `produtos`
  ADD PRIMARY KEY (`id`),
  ADD KEY `idx-produtos-created_by` (`created_by`),
  ADD KEY `idx-produtos-updated_by` (`updated_by`);

--
-- Indexes for table `subscricoes`
--
ALTER TABLE `subscricoes`
  ADD PRIMARY KEY (`id`),
  ADD KEY `idx-subscricoes-id_cliente` (`id_cliente`),
  ADD KEY `idx-subscricoes-id_tipo_subscricao` (`id_tipo_subscricao`);

--
-- Indexes for table `tipos_subscricao`
--
ALTER TABLE `tipos_subscricao`
  ADD PRIMARY KEY (`id`);

--
-- Indexes for table `tipo_exercicio`
--
ALTER TABLE `tipo_exercicio`
  ADD PRIMARY KEY (`id`);

--
-- Indexes for table `user`
--
ALTER TABLE `user`
  ADD PRIMARY KEY (`id`),
  ADD UNIQUE KEY `username` (`username`),
  ADD UNIQUE KEY `email` (`email`),
  ADD UNIQUE KEY `password_reset_token` (`password_reset_token`);

--
-- Indexes for table `vendas`
--
ALTER TABLE `vendas`
  ADD PRIMARY KEY (`id`),
  ADD KEY `idx-pedidos-created_at` (`created_at`),
  ADD KEY `idx-pedidos-created_by` (`created_by`);

--
-- Indexes for table `vendas_moradas`
--
ALTER TABLE `vendas_moradas`
  ADD PRIMARY KEY (`venda_id`),
  ADD KEY `idx-pedido_moradas-pedido_id` (`venda_id`);

--
-- AUTO_INCREMENT for dumped tables
--

--
-- AUTO_INCREMENT for table `aulas`
--
ALTER TABLE `aulas`
  MODIFY `id` int(11) NOT NULL AUTO_INCREMENT, AUTO_INCREMENT=169;

--
-- AUTO_INCREMENT for table `aulas_horario`
--
ALTER TABLE `aulas_horario`
  MODIFY `id` int(11) NOT NULL AUTO_INCREMENT, AUTO_INCREMENT=11;

--
-- AUTO_INCREMENT for table `consultas`
--
ALTER TABLE `consultas`
  MODIFY `id` int(11) NOT NULL AUTO_INCREMENT, AUTO_INCREMENT=13;

--
-- AUTO_INCREMENT for table `equipamentos`
--
ALTER TABLE `equipamentos`
  MODIFY `id` int(11) NOT NULL AUTO_INCREMENT, AUTO_INCREMENT=4;

--
-- AUTO_INCREMENT for table `exercicio`
--
ALTER TABLE `exercicio`
  MODIFY `id` int(11) NOT NULL AUTO_INCREMENT, AUTO_INCREMENT=96;

--
-- AUTO_INCREMENT for table `exercicio_plano`
--
ALTER TABLE `exercicio_plano`
  MODIFY `id` int(11) NOT NULL AUTO_INCREMENT, AUTO_INCREMENT=62;

--
-- AUTO_INCREMENT for table `inscricoes`
--
ALTER TABLE `inscricoes`
  MODIFY `id` int(11) NOT NULL AUTO_INCREMENT;

--
-- AUTO_INCREMENT for table `itens_carrinho`
--
ALTER TABLE `itens_carrinho`
  MODIFY `id` int(11) NOT NULL AUTO_INCREMENT, AUTO_INCREMENT=2;

--
-- AUTO_INCREMENT for table `itens_pedido`
--
ALTER TABLE `itens_pedido`
  MODIFY `id` int(11) NOT NULL AUTO_INCREMENT;

--
-- AUTO_INCREMENT for table `itens_venda`
--
ALTER TABLE `itens_venda`
  MODIFY `id` int(11) NOT NULL AUTO_INCREMENT, AUTO_INCREMENT=166;

--
-- AUTO_INCREMENT for table `modalidades`
--
ALTER TABLE `modalidades`
  MODIFY `id` int(11) NOT NULL AUTO_INCREMENT, AUTO_INCREMENT=13;

--
-- AUTO_INCREMENT for table `notificacoes`
--
ALTER TABLE `notificacoes`
  MODIFY `id` int(11) NOT NULL AUTO_INCREMENT;

--
-- AUTO_INCREMENT for table `parameterizacoes`
--
ALTER TABLE `parameterizacoes`
  MODIFY `id` int(11) NOT NULL AUTO_INCREMENT, AUTO_INCREMENT=72;

--
-- AUTO_INCREMENT for table `pedidos`
--
ALTER TABLE `pedidos`
  MODIFY `id` int(11) NOT NULL AUTO_INCREMENT;

--
-- AUTO_INCREMENT for table `plano_treino`
--
ALTER TABLE `plano_treino`
  MODIFY `id` int(11) NOT NULL AUTO_INCREMENT, AUTO_INCREMENT=136;

--
-- AUTO_INCREMENT for table `produtos`
--
ALTER TABLE `produtos`
  MODIFY `id` int(11) NOT NULL AUTO_INCREMENT, AUTO_INCREMENT=4;

--
-- AUTO_INCREMENT for table `subscricoes`
--
ALTER TABLE `subscricoes`
  MODIFY `id` int(11) NOT NULL AUTO_INCREMENT;

--
-- AUTO_INCREMENT for table `tipos_subscricao`
--
ALTER TABLE `tipos_subscricao`
  MODIFY `id` int(11) NOT NULL AUTO_INCREMENT;

--
-- AUTO_INCREMENT for table `tipo_exercicio`
--
ALTER TABLE `tipo_exercicio`
  MODIFY `id` int(11) NOT NULL AUTO_INCREMENT, AUTO_INCREMENT=14;

--
-- AUTO_INCREMENT for table `user`
--
ALTER TABLE `user`
  MODIFY `id` int(11) NOT NULL AUTO_INCREMENT, AUTO_INCREMENT=119;

--
-- AUTO_INCREMENT for table `vendas`
--
ALTER TABLE `vendas`
  MODIFY `id` int(11) NOT NULL AUTO_INCREMENT, AUTO_INCREMENT=170;

--
-- Constraints for dumped tables
--

--
-- Constraints for table `auth_item`
--
ALTER TABLE `auth_item`
  ADD CONSTRAINT `auth_item_ibfk_1` FOREIGN KEY (`rule_name`) REFERENCES `auth_rule` (`name`) ON DELETE SET NULL ON UPDATE CASCADE;

--
-- Constraints for table `exercicio`
--
ALTER TABLE `exercicio`
  ADD CONSTRAINT `exercicio_ibfk_1` FOREIGN KEY (`equipamento_id`) REFERENCES `equipamentos` (`id`),
  ADD CONSTRAINT `exercicio_ibfk_2` FOREIGN KEY (`tipo_exercicio_id`) REFERENCES `tipo_exercicio` (`id`);

--
-- Constraints for table `exercicio_plano`
--
ALTER TABLE `exercicio_plano`
  ADD CONSTRAINT `exercicio_plano_ibfk_1` FOREIGN KEY (`parameterizacao_id`) REFERENCES `parameterizacoes` (`id`) ON DELETE CASCADE ON UPDATE CASCADE;

--
-- Constraints for table `perfil`
--
ALTER TABLE `perfil`
  ADD CONSTRAINT `perfil_ibfk_1` FOREIGN KEY (`user_id`) REFERENCES `user` (`id`);

--
-- Constraints for table `plano_treino`
--
ALTER TABLE `plano_treino`
  ADD CONSTRAINT `plano_treino_ibfk_2` FOREIGN KEY (`cliente_id`) REFERENCES `perfil` (`user_id`),
  ADD CONSTRAINT `plano_treino_ibfk_3` FOREIGN KEY (`instrutor_id`) REFERENCES `perfil` (`user_id`);
COMMIT;

/*!40101 SET CHARACTER_SET_CLIENT=@OLD_CHARACTER_SET_CLIENT */;
/*!40101 SET CHARACTER_SET_RESULTS=@OLD_CHARACTER_SET_RESULTS */;
/*!40101 SET COLLATION_CONNECTION=@OLD_COLLATION_CONNECTION */;
